event_id,ts,project_id,task_id,status,increment_hours,increment_cost,planned_hours,actual_hours,percent_complete,planned_cost_per_hour,actual_cost,ev,pv,spi,cpi,sv,cv,etc,eac,on_track_flag
008a3175-3bee-4425-8723-7eab7aa8aa9e,11-12-2025 22:23,P003,T004,Not Started,5,171.43,158,0.1,0,105.42,12.65,0,7794.24,0,0,-7794.24,-12.65,16656.36,16669.01,FALSE
0176fcd4-af18-4591-9aa6-1c35b43a6849,11-12-2025 22:07,P003,T001,Delayed,2,394.54,136,86.19,0.63,96.62,9016.89,8270.72,10706.02,0.77,0.92,-2435.31,-746.17,5308.93,14325.82,FALSE
018f4db1-ffe0-4749-9c13-29f97bdc1a13,20:23.3,P003,T010,Completed,5,418.73,66,70.25,1,131.75,10128.83,8695.5,8695.5,1,0.86,0,-1433.33,0,10128.83,FALSE
03d0b540-12d5-4239-864a-089c9dae2113,08:48.3,P001,T005,Not Started,2,148.13,166,0.1,0,82.71,7.48,0,8441.38,0,0,-8441.38,-7.48,13729.86,13737.34,FALSE
03eef8c4-6ea8-4390-8cb0-310e9ca4d834,09:27.4,P002,T009,Completed,2,342.43,80,66.56,1,125.33,7838.17,10026.4,10026.4,1,1.28,0,2188.23,0,7838.17,TRUE
04ad2249-0d01-4acf-b0c0-06532c7ed117,03:26.5,P002,T006,In Progress,1,103.7,74,33.27,0.36,143.9,5916.37,3803.67,3646.97,1.04,0.64,156.7,-2112.7,10646.88,16563.25,FALSE
05d0af81-5444-4d8b-842e-936705b6d042,04:05.6,P003,T001,Completed,3,494.62,90,79.95,1,62.52,4984.13,5626.8,5626.8,1,1.13,0,642.67,0,4984.13,TRUE
067ae7a2-4a9a-46b6-8a40-c200dd73737c,19:02.1,P001,T007,In Progress,5,115.65,106,74.91,0.57,89.85,7701.26,5401.43,7236.33,0.75,0.7,-1834.91,-2299.83,5878.04,13579.3,FALSE
06b5e368-ad0b-4b88-bb14-1b6f77f6bdea,04:02.5,P001,T008,In Progress,2,374.62,134,99.84,0.63,60.42,5772.64,5073.47,6145.86,0.83,0.88,-1072.39,-699.17,3439.39,9212.03,FALSE
0772adaf-4a8b-4e17-b54b-fa431f7d4373,06:38.9,P001,T006,Delayed,5,275.8,165,23.42,0.11,50.99,1035.84,932.31,1332.66,0.7,0.9,-400.35,-103.53,8311.77,9347.61,FALSE
0790f904-a14f-4e97-a2db-c471d7ae96e0,02:50.4,P002,T004,Not Started,3,453.08,191,0.1,0,123.28,15.02,0,9104.32,0,0,-9104.32,-15.02,23546.48,23561.5,FALSE
08047cd1-d6a5-4bf6-b758-d9b227388f5d,15:43.5,P003,T004,Delayed,1,226.83,119,34.47,0.28,68.27,2505.99,2300.61,3726.36,0.62,0.92,-1425.75,-205.38,6343.38,8849.37,FALSE
093b5d08-95eb-4606-bc90-6997833c092c,12:33.9,P002,T009,Delayed,4,229.89,169,71.53,0.33,113.38,8933.16,6321.97,12414.95,0.51,0.71,-6092.98,-2611.19,18142.3,27075.46,FALSE
0a271264-43ec-48b4-b6d0-d862f658a45d,12:03.8,P001,T005,Delayed,3,161.34,121,3.31,0.03,101.28,283.9,413.8,1437.47,0.29,1.46,-1023.66,129.9,8123.89,8407.79,FALSE
0b05c307-9b33-4712-bd0c-314c6eadd7bd,11:21.7,P002,T003,In Progress,2,106.16,169,75.82,0.46,115.11,8463.06,8994.04,12138.2,0.74,1.06,-3144.16,530.98,9842.05,18305.1,FALSE
0b065887-ce32-45a4-99a9-8c131c76b092,24:21.0,P002,T004,Completed,3,477.39,190,165.71,1,135.57,20743.24,25758.3,25758.3,1,1.24,0,5015.06,0,20743.24,TRUE
0ba8b3d8-778f-44e0-b5af-82de3295683b,23:02.8,P001,T008,Not Started,5,460.11,117,0.1,0,58.86,6.97,0,1802.3,0,0,-1802.3,-6.97,6886.62,6893.59,FALSE
0c653dcb-2dda-4f42-8fb0-9f05b6f4cb04,10:54.6,P002,T009,In Progress,3,394.59,138,30.96,0.26,68.77,1844.72,2508.93,2383.03,1.05,1.36,125.91,664.22,5133.08,6977.8,TRUE
0c87f2f1-9292-480b-b6d4-7542effa98d5,18:35.0,P001,T007,Not Started,4,168.65,146,0.1,0,135.44,15.87,0,8116.91,0,0,-8116.91,-15.87,19774.24,19790.11,FALSE
0eb3e9e1-f231-4df6-909b-31f0d226b169,08:06.2,P002,T003,Not Started,2,491.34,151,0.1,0,69.55,6.07,0,5020.2,0,0,-5020.2,-6.07,10502.05,10508.12,FALSE
0eff3043-66b4-441d-b0a7-53ac3a8d24dc,02:35.3,P003,T009,Not Started,2,335.99,67,0.1,0,107.25,12.15,0,2459.52,0,0,-2459.52,-12.15,7185.75,7197.9,FALSE
0fadf57d-3906-448e-a9d2-a946748697f3,07:30.1,P002,T005,Not Started,3,330.97,88,0.1,0,120.43,11.37,0,2320.8,0,0,-2320.8,-11.37,10597.84,10609.21,FALSE
10d3079a-5a59-405d-a548-8daa1189c7b8,16:25.6,P002,T009,Completed,4,318.08,128,104.87,1,122.84,14860.15,15723.52,15723.52,1,1.06,0,863.37,0,14860.15,TRUE
115ffe3b-008f-465a-93a8-171fd20b2bca,02:23.3,P003,T005,In Progress,4,346.86,118,45.47,0.39,112.9,5445.95,5162.09,4647.26,1.11,0.95,514.83,-283.86,8608.84,14054.79,FALSE
1263d661-5b0a-4622-9130-9cff810531ab,11:57.8,P002,T004,In Progress,5,294.39,198,99.82,0.41,56.71,7201.63,4654.69,6614.86,0.7,0.65,-1960.17,-2546.94,10170.97,17372.6,FALSE
136edc77-0226-464b-a02b-fe0767f93ae8,01:38.2,P002,T003,Delayed,2,355.62,113,48.83,0.35,91.22,4520.13,3587.77,7319.57,0.49,0.79,-3731.8,-932.36,8466.46,12986.59,FALSE
137ea347-32c3-4c39-8c69-bd006102e64d,07:48.1,P002,T007,Completed,2,271.94,129,131.38,1,119.91,14634.14,15468.39,15468.39,1,1.06,0,834.25,0,14634.14,TRUE
137f1625-f3ec-4ce3-a6e5-c018f2d1cbd0,22:47.8,P002,T006,Not Started,2,214.89,80,0.1,0,64.52,5.89,0,1256.85,0,0,-1256.85,-5.89,5161.6,5167.49,FALSE
14c5c47a-7cbe-4f22-9502-0ec87bc4fff2,09:48.4,P003,T009,Not Started,2,384.89,125,0.1,0,98.01,9.16,0,2893.26,0,0,-2893.26,-9.16,12251.25,12260.41,FALSE
15efd689-3758-43fb-9292-6b3e42c59df8,04:59.7,P001,T010,Not Started,1,212.98,165,0.1,0,73.09,7.97,0,490.84,0,0,-490.84,-7.97,12059.85,12067.82,FALSE
169d21d2-2002-4e9f-ace3-8038222d0970,21:53.5,P002,T007,Not Started,2,297.43,164,0.1,0,135.01,15.17,0,4041.97,0,0,-4041.97,-15.17,22141.64,22156.81,FALSE
172d17b5-5912-4828-8c04-5463e17feaaf,21:47.5,P003,T004,Completed,5,227.98,85,107.46,1,71.71,8799.92,6095.35,6095.35,1,0.69,0,-2704.57,0,8799.92,FALSE
177fdb51-ff29-4a9e-a035-b753bc3137a8,22:41.8,P003,T004,Completed,5,438.42,93,86.86,1,124.72,12045.91,11598.96,11598.96,1,0.96,0,-446.95,0,12045.91,FALSE
189da800-b89d-4e95-8bb5-896276b24a63,02:56.4,P002,T006,Not Started,2,317.03,46,0.1,0,143.84,17.02,0,3226.18,0,0,-3226.18,-17.02,6616.64,6633.66,FALSE
18ee8f27-64c0-4e76-849d-af501932ba00,06:11.9,P003,T005,Delayed,1,493.88,157,43.48,0.35,139.72,6960.47,7588.1,20952.18,0.36,1.09,-13364.08,627.63,13161.19,20121.66,FALSE
1990304f-30ac-4e97-af7c-84e666e50949,23:26.9,P001,T010,In Progress,2,255.12,192,99.06,0.56,109.28,13484.97,11853.57,15742.61,0.75,0.88,-3889.05,-1631.41,10384.51,23869.48,FALSE
1a3a8d97-dc5e-4935-bdeb-d641664c1732,19:29.2,P001,T004,Not Started,1,247.98,53,0.1,0,101.38,9.14,0,4956.07,0,0,-4956.07,-9.14,5373.14,5382.28,FALSE
1a50f0dc-c445-46eb-ac9d-d4e5057efd38,22:11.7,P002,T001,Delayed,1,232.55,152,62.32,0.33,71.43,3997.18,3558.44,4760.84,0.75,0.89,-1202.4,-438.74,8198.85,12196.04,FALSE
1a95b4de-3435-4ec8-91f5-1cfc53502ac4,19:08.1,P002,T004,Not Started,4,337.19,86,0.1,0,105.79,8.51,0,8377.31,0,0,-8377.31,-8.51,9097.94,9106.45,FALSE
1bb9f6a2-1dae-4359-82ab-2c4fd09ced8d,22:38.8,P001,T009,Completed,5,161.16,67,84.98,1,90.42,6418.77,6058.14,6058.14,1,0.94,0,-360.63,0,6418.77,FALSE
1cc6c7b0-63d4-4bdf-948f-4dbbaa638019,18:32.0,P003,T010,Not Started,4,334.41,120,0.1,0,73.17,8.5,0,6032.65,0,0,-6032.65,-8.5,8780.4,8788.9,FALSE
1d3324d1-b763-4463-9fc6-f7ab8a5fdcb4,16:10.5,P001,T004,In Progress,1,396.63,111,95.16,0.9,130.41,11271.47,13093.43,12954.46,1.01,1.16,138.96,1821.96,1189.76,12461.23,TRUE
1d8492e7-407f-4235-967d-bd145ace4ca3,23:32.9,P003,T010,Delayed,5,178.61,145,22.47,0.16,56.01,1363.35,1260.55,1714.45,0.74,0.92,-453.9,-102.8,7420.44,8783.79,FALSE
1dc08930-dd8b-4c9f-9e74-0fea1b289016,06:32.9,P002,T003,Completed,5,325.52,187,242.65,1,123.6,30290.04,23113.2,23113.2,1,0.76,0,-7176.84,0,30290.04,FALSE
1e2312ca-50e8-492a-8e19-04ce87a750eb,10:21.6,P002,T006,Not Started,5,490.83,178,0.1,0,138.42,16.02,0,5306.85,0,0,-5306.85,-16.02,24638.76,24654.78,FALSE
1e24aecd-deee-4d71-8f72-fe41adae8008,21:05.5,P001,T009,Completed,1,428.17,40,51.04,1,107.53,6318.26,4301.2,4301.2,1,0.68,0,-2017.06,0,6318.26,FALSE
1e40e381-5a5d-43d4-b295-37dba6edbc71,15:34.4,P003,T001,Not Started,2,425.25,89,0.1,0,104.52,13.13,0,4589.53,0,0,-4589.53,-13.13,9302.28,9315.41,FALSE
1f9b2712-b162-423d-b137-ee618dbb360d,22:02.6,P002,T005,Not Started,3,411,117,0.1,0,141.28,13.58,0,8621.48,0,0,-8621.48,-13.58,16529.76,16543.34,FALSE
203d4271-4777-4ddc-8e78-aca119ffe48b,21:50.5,P003,T007,In Progress,4,393.69,138,0.98,0.01,114.74,130.63,100.28,140.35,0.71,0.77,-40.07,-30.36,20497.22,20627.85,FALSE
2086a24a-2266-4569-991f-bd6bebd46216,09:30.4,P001,T009,In Progress,4,375.09,118,33.87,0.33,117.77,5080.51,4555,4774.92,0.95,0.9,-219.91,-525.5,10419.61,15500.12,FALSE
22a6f4aa-ba44-489c-a1d2-e4d812e3b151,23:05.8,P003,T004,In Progress,2,415.7,172,155.93,0.7,87.78,14995.7,10539.42,9085.17,1.16,0.7,1454.25,-4456.28,6486.27,21481.96,FALSE
22c9fd33-f872-4458-84d3-038a1e14542b,20:32.3,P001,T007,In Progress,4,196.83,87,7.75,0.07,60.46,416.29,371.79,321.61,1.16,0.89,50.18,-44.5,5473.28,5889.56,FALSE
2350a0c0-4b96-4c12-ab56-868b194b4ebc,04:35.6,P001,T006,Not Started,5,459.28,112,0.1,0,144.05,16.78,0,16050.6,0,0,-16050.6,-16.78,16133.6,16150.38,FALSE
240c246e-5e44-4d6b-996e-b8027f15860d,14:10.2,P003,T001,Delayed,4,139.09,156,18.81,0.11,101.06,1890.97,1791.34,2740.49,0.65,0.95,-949.15,-99.63,14751.2,16642.17,FALSE
24f9ddb2-20d6-4c51-85a1-ed07a909163d,15:52.5,P002,T004,In Progress,3,160.97,95,7.22,0.07,97.23,849.59,606.64,540.43,1.12,0.71,66.21,-242.95,12086.44,12936.03,FALSE
25210208-c077-493f-8ee3-4133af283c0d,19:35.2,P002,T009,Delayed,1,178.61,60,12.91,0.26,117.51,1858.57,1838.47,6427.69,0.29,0.99,-4589.22,-20.1,5269.11,7127.68,FALSE
2609a5ff-142a-4846-b176-7794feece171,17:22.7,P003,T001,Delayed,5,471.07,86,11.38,0.12,112.92,1414.68,1125.91,3362.29,0.33,0.8,-2236.38,-288.77,10787.08,12201.75,FALSE
261b0ad1-38ab-4240-a1ad-55ff219b6c6d,04:17.6,P002,T005,Delayed,5,394.9,187,6.98,0.03,144.16,986.76,860.29,1366.01,0.63,0.87,-505.73,-126.48,29934.43,30921.19,FALSE
26d987f3-1112-4b89-a5c2-547569a01eb3,23:51.0,P003,T005,Not Started,4,434,199,0.1,0,70.9,5.85,0,1402.59,0,0,-1402.59,-5.85,14109.1,14114.95,FALSE
27e56221-4c8a-4ef2-a60a-6a56e7299414,15:37.4,P003,T007,In Progress,3,232.86,154,89.41,0.47,120.48,12791.3,8727.41,10370.66,0.84,0.68,-1643.25,-4063.9,14402.21,27193.51,FALSE
28b8cc07-9f2b-4af0-a463-3a39eacc5187,05:14.7,P003,T003,Completed,1,150.41,78,69.29,1,83.41,7407.97,6505.98,6505.98,1,0.88,0,-901.99,0,7407.97,FALSE
28dfc8b3-8974-441c-9e2a-5401c6fe29b3,18:53.1,P002,T006,Delayed,4,150.49,89,32.41,0.35,133.48,4037.2,4141.88,5382.99,0.77,1.03,-1241.11,104.68,7542.28,11579.48,FALSE
29368ab4-9dc4-408d-9d25-1e58234d1a04,17:19.7,P001,T003,Completed,5,364.6,137,145.5,1,65.7,11794.43,9000.9,9000.9,1,0.76,0,-2793.53,0,11794.43,FALSE
2977e6b4-231e-434c-a135-3c93b98bd6c9,10:39.6,P002,T001,Not Started,3,345.23,189,0.1,0,115.46,12.38,0,17575.19,0,0,-17575.19,-12.38,21821.94,21834.32,FALSE
2a80db9d-0174-4ed3-8639-f302cc08b7d9,08:42.3,P002,T009,Completed,1,188.5,90,108.16,1,134.17,11700.13,12075.3,12075.3,1,1.03,0,375.17,0,11700.13,TRUE
2aa5e47a-a8c6-4f85-8151-3194fcdd0ba2,12:42.9,P003,T008,Completed,4,469.62,128,139.9,1,84.3,11770.98,10790.4,10790.4,1,0.92,0,-980.58,0,11770.98,FALSE
2aab9e7a-5029-404e-8750-5978f88092fb,21:17.5,P002,T009,Completed,2,150.61,96,93.53,1,63.66,5677.58,6111.36,6111.36,1,1.08,0,433.78,0,5677.58,TRUE
2c9f8bb7-6032-4361-8b78-d995536c61f0,05:23.8,P001,T010,Not Started,5,389.82,97,0.1,0,79.72,8.14,0,2222.66,0,0,-2222.66,-8.14,7732.84,7740.98,FALSE
2ca7dac4-3b93-43bb-ab4a-3da0e627cd46,18:41.0,P001,T008,Delayed,5,383.34,158,27.14,0.16,116.11,3609.12,3022.23,3976.14,0.76,0.84,-953.9,-586.88,18298.72,21907.84,FALSE
2dad91f1-2d8a-47e8-9fa4-cf08b99c94d0,21:02.4,P002,T008,Delayed,1,306.76,104,4.11,0.04,106.41,415.98,471.16,2171.88,0.22,1.13,-1700.72,55.19,9354.44,9770.42,FALSE
2ea56c41-1c8b-49c6-adc8-532f1132950b,15:40.5,P001,T005,Delayed,1,365.84,147,112.65,0.64,103.65,12285.47,9722.82,13558.21,0.72,0.79,-3835.39,-2562.65,6966.98,19252.45,FALSE
315e42cb-928a-4866-8417-d7f95df9f84f,23:17.9,P001,T008,Not Started,5,212.05,157,0.1,0,67.15,5.41,0,2097.93,0,0,-2097.93,-5.41,10542.55,10547.96,FALSE
316bdcab-1d7d-45bc-8fc8-e549bfcb7689,15:01.3,P003,T008,Delayed,5,361.17,159,49.55,0.26,76.59,4775.23,3114.45,8428.78,0.37,0.65,-5314.34,-1660.78,13896.41,18671.64,FALSE
320c0fe9-0c1c-49f4-80b0-4cfc10c3cc4b,04:14.6,P001,T003,Completed,4,237.3,59,71.55,1,144.79,10460.7,8542.61,8542.61,1,0.82,0,-1918.09,0,10460.7,FALSE
32974f03-5683-4ea8-bddd-94e4eb706fcc,18:50.0,P002,T006,In Progress,5,453.4,107,17.63,0.18,137.17,2715.02,2649.44,2649.71,1,0.98,-0.28,-65.58,12325.48,15040.49,FALSE
33024bf5-4ca2-4da7-a701-8ced1ec82bc5,20:05.3,P001,T009,Not Started,2,373.46,118,0.1,0,64.2,7.48,0,3564.57,0,0,-3564.57,-7.48,7575.6,7583.08,FALSE
34cb930c-33ec-4ea7-8648-65fedab17328,15:19.4,P002,T001,Completed,5,298.5,66,64.08,1,107.76,8257.54,7112.16,7112.16,1,0.86,0,-1145.38,0,8257.54,FALSE
351db7d9-197a-4887-b833-638c15bd5d36,17:55.9,P002,T009,Not Started,2,243.57,171,0.1,0,99.45,9.12,0,2480.51,0,0,-2480.51,-9.12,17005.95,17015.07,FALSE
35ba39f9-0b2b-4330-b5dd-184f579bf201,11:12.7,P001,T002,In Progress,3,294.55,91,33.1,0.42,124.31,4373.45,4754.21,4021.26,1.18,1.09,732.94,380.76,6032.78,10406.23,TRUE
35dc7cba-8eb1-43fb-8f56-b68f20607675,21:59.6,P001,T004,Not Started,1,167.42,70,0.1,0,67.16,6.64,0,303.41,0,0,-303.41,-6.64,4701.2,4707.84,FALSE
35e35684-0f3d-4906-9d71-688aa5016ebe,13:37.1,P001,T005,Not Started,4,194.85,46,0.1,0,149.84,13.41,0,5420.93,0,0,-5420.93,-13.41,6892.64,6906.05,FALSE
3703aae8-9932-48ba-89d4-135e5fdbdcd3,15:13.3,P002,T003,Not Started,1,386.63,183,0.1,0,138.36,17.83,0,4259.54,0,0,-4259.54,-17.83,25319.88,25337.71,FALSE
374c6e1d-2ac0-4c9a-b830-ba2b4b96a4f4,07:12.0,P002,T001,Not Started,3,482.32,155,0.1,0,98.86,8.98,0,5574.61,0,0,-5574.61,-8.98,15323.3,15332.28,FALSE
377459de-918a-4c73-9a75-e15c421a468c,18:29.0,P003,T002,In Progress,4,413.23,83,54.16,0.74,118.52,6778.35,7315.82,6162.85,1.19,1.08,1152.96,537.47,2336.11,9114.46,TRUE
3790a14f-3947-4bb8-9b13-07c5182c8b80,19:11.1,P001,T007,Not Started,1,498.69,47,0.1,0,118.32,12.55,0,3772.03,0,0,-3772.03,-12.55,5561.04,5573.59,FALSE
3918dc77-96ff-4a61-b32c-1e453203bfb5,02:26.3,P003,T008,In Progress,5,216.5,102,94.48,0.83,104.17,8048.79,8814.83,10024.06,0.88,1.1,-1209.24,766.04,1653.17,9701.96,FALSE
391e4421-6be2-4123-91e1-54c9b153b845,13:52.1,P003,T007,Delayed,5,358.61,191,88.47,0.58,129.15,9732.98,14237.52,18355.88,0.78,1.46,-4118.36,4504.54,7130.19,16863.17,FALSE
395da899-6092-4877-be67-5bbab7e722f7,15:28.4,P002,T010,In Progress,3,470.05,133,61.19,0.57,106.12,6585.64,8104.76,7289.78,1.11,1.23,814.98,1519.12,4882.86,11468.5,TRUE
3a7d94ee-094d-46b7-9e06-dac64e60954c,23:14.9,P001,T006,Delayed,3,302.44,150,61.69,0.51,77.22,4913.75,5912.13,11169.5,0.53,1.2,-5257.37,998.38,4713.23,9626.98,FALSE
3b2bde67-336f-4eb1-a846-474a1d89ca47,05:50.8,P002,T005,Not Started,1,339.15,133,0.1,0,128.3,16.5,0,5552.51,0,0,-5552.51,-16.5,17063.9,17080.4,FALSE
3b4d87ef-332e-475b-b048-cba61d4d6267,18:07.9,P003,T006,Completed,1,392.01,88,98.76,1,54.05,4980.57,4756.4,4756.4,1,0.95,0,-224.17,0,4980.57,FALSE
3c1150ef-15d0-47eb-9aa1-6323ced59ef9,02:11.3,P003,T010,Completed,3,343.79,162,177.42,1,110.1,22617.76,17836.2,17836.2,1,0.79,0,-4781.56,0,22617.76,FALSE
3c2491a6-93f8-4b56-a9be-6ca2f4c88c5e,06:54.0,P001,T001,Completed,1,162.2,63,80.81,1,91.89,8425.37,5789.07,5789.07,1,0.69,0,-2636.3,0,8425.37,FALSE
3c2a1cb6-ff25-4aad-bd15-b2dc97e4f054,03:32.5,P003,T010,Delayed,2,464.31,93,17.66,0.19,75.2,1275.68,1293.83,4547.13,0.28,1.01,-3253.3,18.15,5619.83,6895.51,FALSE
3d44d170-f687-48ee-81bd-5c98f0292e12,08:33.2,P002,T004,Completed,5,421.19,74,63.64,1,64.52,3989.76,4774.48,4774.48,1,1.2,0,784.72,0,3989.76,TRUE
3df4bdb6-d795-4d1e-a208-d1113b70d9b5,21:14.5,P003,T002,In Progress,5,345.72,129,125.79,0.81,127.78,13916.35,13296.87,13296.68,1,0.96,0.19,-619.47,3335.21,17251.56,FALSE
3ea1d757-c2ca-4d4b-89a1-82872c46cc19,03:53.5,P001,T008,In Progress,4,150.41,107,104.96,0.93,123.44,10876.55,12274.37,12101.97,1.01,1.13,172.4,1397.82,827.38,11703.93,TRUE
3eefc2b7-95a7-448a-b5b2-193f807b2212,16:07.5,P001,T004,Completed,3,238.87,135,174.54,1,90.66,14275.32,12239.1,12239.1,1,0.86,0,-2036.22,0,14275.32,FALSE
3fbfcad5-5a4e-47c4-a0b6-d3e5267e406b,19:59.3,P002,T004,Completed,1,177.63,170,145.67,1,90.72,12893.24,15422.4,15422.4,1,1.2,0,2529.16,0,12893.24,TRUE
3ff26802-557c-45a9-b8e4-735b65d98a68,23:57.0,P003,T002,Not Started,5,156.89,81,0.1,0,82.87,8.47,0,398.62,0,0,-398.62,-8.47,6712.47,6720.94,FALSE
3ffc07b7-9b7d-44db-b0d8-43250831ce2b,20:20.3,P002,T002,Not Started,3,183.61,122,0.1,0,148.74,14.18,0,5589.92,0,0,-5589.92,-14.18,18146.28,18160.46,FALSE
4037d8f0-70ad-4b2e-b31a-a300fd24b24b,14:13.2,P001,T008,In Progress,5,187.15,96,80.12,0.68,58.38,6037.76,3806.27,3244.09,1.17,0.63,562.18,-2231.49,2852.44,8890.2,FALSE
40cf7c10-1ed0-4694-a175-e336422fa507,14:49.3,P003,T009,Completed,4,194.6,140,150.39,1,144.39,21738.4,20214.6,20214.6,1,0.93,0,-1523.8,0,21738.4,FALSE
40e56f4d-f919-4d7a-85fa-7639c389bf8e,03:02.4,P001,T004,In Progress,4,195.72,177,150.75,0.98,118.87,15735.02,20568.46,20833.23,0.99,1.31,-264.77,4833.44,360.73,16095.74,FALSE
41d92b0c-dd00-47a3-80d7-f3563fd27089,15:46.5,P002,T006,Not Started,5,241.38,80,0.1,0,118.12,10.49,0,6996.01,0,0,-6996.01,-10.49,9449.6,9460.09,FALSE
41f20eba-40ba-46e6-871f-88af67636afb,11:36.8,P002,T001,Not Started,2,461.44,87,0.1,0,129.79,10.54,0,5584.52,0,0,-5584.52,-10.54,11291.73,11302.27,FALSE
42f9a23d-80ac-4889-856b-adca055d040a,24:09.0,P001,T002,Delayed,4,409.52,161,51.34,0.38,58.78,3503.44,3589.95,4710.77,0.76,1.02,-1120.82,86.5,5732.11,9235.55,FALSE
43880b25-828f-401c-adf5-ce913f31c7e8,24:24.1,P001,T008,Not Started,3,306.87,96,0.1,0,70.18,8,0,4307.66,0,0,-4307.66,-8,6737.28,6745.28,FALSE
45e8fad1-1672-4c30-ac9f-0aad9f7e1ea2,12:49.0,P003,T001,Delayed,1,247.73,150,72.64,0.45,76.14,5449.88,5092.1,6801.85,0.75,0.93,-1709.74,-357.78,6773.57,12223.45,FALSE
45f27d10-7f36-4253-b5e7-35e3d9d6d6a2,04:44.6,P001,T008,Completed,2,377.15,130,160.95,1,77.37,10191.06,10058.1,10058.1,1,0.99,0,-132.96,0,10191.06,FALSE
46a257bb-eb69-4c43-9b97-073548069a33,07:45.1,P002,T001,Delayed,5,383.7,174,47.05,0.21,136.19,8007.31,4970.27,13984.47,0.36,0.62,-9014.2,-3037.04,30169.62,38176.93,FALSE
46b1d8cd-8e3d-4155-9e88-8ba6e07bb8ea,02:20.3,P001,T009,Delayed,1,338.88,145,29.29,0.17,93.08,2415.71,2352.44,4892.21,0.48,0.97,-2539.77,-63.27,11443.89,13859.6,FALSE
47280e74-e2c2-44df-a8e3-d18ce1098d5b,08:15.2,P003,T010,Not Started,4,242.88,119,0.1,0,141.57,11.94,0,7281.47,0,0,-7281.47,-11.94,16846.83,16858.77,FALSE
47496984-8ea6-4412-bc73-c744d2b5b3fb,10:06.5,P003,T004,Completed,4,145.52,127,113.01,1,142.16,13479.67,18054.32,18054.32,1,1.34,0,4574.65,0,13479.67,TRUE
48078101-dcd0-4a5d-88b9-7e6d1812c519,14:28.2,P001,T004,Delayed,5,404.03,170,104.74,0.52,103.06,9873.33,9154.64,13339.79,0.69,0.93,-4185.15,-718.69,9022.31,18895.64,FALSE
4836bfa6-cf86-4f43-a17d-68f07e571fce,17:43.8,P002,T005,In Progress,3,368.56,43,10.45,0.25,116.84,1226.84,1277.61,1228.49,1.04,1.04,49.12,50.77,3597.63,4824.47,TRUE
4880fc24-b860-4088-a2ca-6153658b44c2,22:17.7,P003,T002,Not Started,5,109.46,53,0.1,0,136.39,14.53,0,4615.18,0,0,-4615.18,-14.53,7228.67,7243.2,FALSE
48869753-635b-45ef-b374-2bc2a696efaa,14:07.2,P001,T002,Not Started,3,267.9,154,0.1,0,85.91,11.08,0,7286.32,0,0,-7286.32,-11.08,13230.14,13241.22,FALSE
48e7518d-79df-4781-91e6-fe33b06ba880,10:03.5,P002,T010,Completed,3,439.05,50,62.73,1,55.26,2919.39,2763,2763,1,0.95,0,-156.39,0,2919.39,FALSE
49a3583c-a2ca-46b0-9d92-2037e25ff222,17:04.7,P003,T007,Delayed,2,188.98,54,8.96,0.14,124.14,1042.03,942.19,3220.87,0.29,0.9,-2278.68,-99.84,6371.91,7413.94,FALSE
4a09c41c-f121-42a2-9004-faa2442776ba,19:53.3,P001,T007,Delayed,3,294.08,45,2.97,0.06,140.02,342.45,405.49,1968.65,0.21,1.18,-1563.16,63.04,4978.91,5321.36,FALSE
4b5b30d3-e47b-47e0-9501-7ad1053e4fd4,17:37.8,P001,T007,Delayed,4,350.91,122,12.7,0.09,81.15,1046.1,908.14,1662.61,0.55,0.87,-754.47,-137.95,10358.1,11404.2,FALSE
4c273dfc-cbea-4289-bb16-0cc4ff6cf1e6,23:54.0,P001,T006,Completed,2,308.26,50,61.28,1,58.35,4572.03,2917.5,2917.5,1,0.64,0,-1654.53,0,4572.03,FALSE
4cb48429-59e0-479b-a02e-68310cab3308,17:07.7,P003,T010,Delayed,1,388.27,109,61.84,0.48,137.5,10269.86,7119.2,9179.52,0.78,0.69,-2060.32,-3150.67,11350.5,21620.36,FALSE
4cd1792c-e023-4ca1-80e3-92fa8f80ee2e,16:22.6,P002,T010,Not Started,5,227.56,123,0.1,0,113.17,9.87,0,13064.84,0,0,-13064.84,-9.87,13919.91,13929.78,FALSE
4df858e3-7c41-4b02-b928-5191479cff8c,16:55.6,P003,T007,In Progress,2,225.91,82,34.18,0.43,102.37,4019.86,3635.35,4843.71,0.75,0.9,-1208.36,-384.51,5262.35,9282.21,FALSE
4e34b8df-56af-4978-b42c-8ec181143cc6,14:40.2,P003,T010,Not Started,1,155.14,156,0.1,0,91.83,9.04,0,4813.47,0,0,-4813.47,-9.04,14325.48,14334.52,FALSE
4eae6115-852f-423d-bc8b-5a9b8b332214,21:08.5,P002,T004,In Progress,1,236.35,98,65.28,0.81,91.55,5110.05,7278.09,7780.83,0.94,1.42,-502.75,2168.03,1189.25,6299.31,FALSE
4f4ab824-46f2-4adf-a541-e99cc92daf19,22:35.8,P001,T008,Not Started,3,216.66,96,0.1,0,52.08,6.68,0,641.15,0,0,-641.15,-6.68,4999.68,5006.36,FALSE
4fc5997c-2e12-468f-93f5-c49563925924,04:50.7,P003,T001,Delayed,2,341.67,150,31.41,0.16,100.83,2672.36,2445.6,4523.53,0.54,0.92,-2077.93,-226.75,13854.47,16526.83,FALSE
50fe5f52-4693-4603-8006-c6273d29adc2,13:19.0,P003,T007,Delayed,5,356.12,56,2.15,0.04,124.37,302.51,265.91,348.47,0.76,0.88,-82.55,-36.6,7620.83,7923.34,FALSE
52a3b782-24c5-498d-9948-86d4fee0a64f,09:42.4,P001,T005,Completed,4,199.26,151,127.06,1,96.01,12682.81,14497.51,14497.51,1,1.14,0,1814.7,0,12682.81,TRUE
534eda51-0b47-4625-a029-fb14fe936de6,00:39.5,P003,T008,Not Started,2,368.43,162,0.1,0,102,9.02,0,12633,0,0,-12633,-9.02,16524,16533.02,FALSE
548cc42e-3508-47ff-a107-cc87c1967401,09:24.4,P003,T003,Delayed,2,402.1,105,19.06,0.17,70.78,1328.86,1281.4,2943.2,0.44,0.96,-1661.8,-47.46,6378.32,7707.19,FALSE
566c8454-fc16-4057-aec4-c288a75bb06b,04:38.6,P003,T002,Not Started,4,463.36,97,0.1,0,108.88,11.51,0,2933.85,0,0,-2933.85,-11.51,10561.36,10572.87,FALSE
56cd68c5-5c6d-4af5-b6f5-36a828827053,05:17.7,P002,T002,Not Started,4,118.37,58,0.1,0,58.74,7.26,0,387.55,0,0,-387.55,-7.26,3406.92,3414.18,FALSE
56db3f6e-1fc5-4d3d-837f-e638b59e0611,05:26.8,P001,T006,Not Started,4,320.26,50,0.1,0,72.73,7.43,0,3554.61,0,0,-3554.61,-7.43,3636.5,3643.93,FALSE
56de6ad7-b369-4463-adde-a73d12d27698,12:55.0,P003,T003,Not Started,1,217.41,195,0.1,0,70.92,9.15,0,12668.53,0,0,-12668.53,-9.15,13829.4,13838.55,FALSE
570626c6-3c90-4a48-8022-c67801558fca,23:11.9,P001,T003,In Progress,2,297.58,173,141.68,0.65,96.36,12901.12,10911.84,9448.15,1.15,0.85,1463.69,-1989.28,6808.22,19709.35,FALSE
58115ea9-33eb-4ed5-b380-c296f1fd96a0,02:32.3,P001,T010,Completed,3,239.12,97,93.45,1,52.05,4920.63,5048.85,5048.85,1,1.03,0,128.22,0,4920.63,TRUE
58990d66-e4f6-44a8-ae88-e7d2e0c3d904,06:17.9,P003,T002,In Progress,5,398.93,200,75.25,0.34,117.62,10591.96,7904.85,6969.37,1.13,0.75,935.48,-2687.11,20928.59,31520.55,FALSE
590d63c0-85a6-44cb-b21c-08436baf84ff,16:58.7,P002,T005,Not Started,3,272.11,45,0.1,0,107.42,11.81,0,42.29,0,0,-42.29,-11.81,4833.9,4845.71,FALSE
599d3549-09ba-4edf-afc7-b154686d01d8,18:20.0,P003,T008,Not Started,4,485.72,161,0.1,0,79.55,9.96,0,11820.43,0,0,-11820.43,-9.96,12807.55,12817.51,FALSE
59c357d0-f5da-421f-8d4e-4d0009fe6892,16:13.5,P002,T001,Delayed,5,187.75,70,28.45,0.37,94.05,3446.52,2409.5,3446.37,0.7,0.7,-1036.87,-1037.02,5970.44,9416.96,FALSE
59c4ef40-f17b-4888-aef3-c587871eae32,03:35.5,P001,T009,Delayed,1,127.67,135,61.54,0.47,72.34,3939.69,4543.33,8955.91,0.51,1.15,-4412.58,603.65,4528.68,8468.36,FALSE
5aa616c8-6751-4431-9867-e4fc7c3fa818,09:33.4,P003,T005,Not Started,5,434.13,112,0.1,0,91.01,8.61,0,3872.04,0,0,-3872.04,-8.61,10193.12,10201.73,FALSE
5ab010c9-fc20-4ef5-994d-1287acc43b01,03:05.4,P003,T010,Delayed,3,155.72,123,91.64,0.62,103.8,7679.19,7872.3,12011.97,0.66,1.03,-4139.67,193.11,4775.02,12454.21,FALSE
5bd3e65f-b6cb-4b75-8f70-b03741ecee8f,06:05.8,P002,T001,Not Started,5,235.3,161,0.1,0,141.29,18.12,0,9347.61,0,0,-9347.61,-18.12,22747.69,22765.81,FALSE
5d01f132-046b-4755-b19a-4b06269ac30b,07:57.2,P002,T006,Completed,3,454.19,163,210.09,1,82.46,17796.06,13440.98,13440.98,1,0.76,0,-4355.08,0,17796.06,FALSE
5d786536-084c-45f6-90af-ab312b341511,13:04.0,P001,T002,Delayed,2,348.2,76,11.01,0.13,72.59,858.26,693.02,1609.2,0.43,0.81,-916.18,-165.24,5974.01,6832.26,FALSE
5db2e1d9-161c-43d1-b8e1-fd79eea066ba,22:20.7,P003,T007,In Progress,1,330.38,143,177.49,1,113.84,17994.25,16279.12,16220.85,1,0.9,58.27,-1715.13,0,17994.25,FALSE
5e091ef7-fd33-4088-84f1-bb0e4417acbe,12:12.9,P002,T007,In Progress,5,478.61,103,58.17,0.7,104.57,7457.14,7513.9,10543.64,0.71,1.01,-3029.74,56.76,3232.21,10689.34,FALSE
5fc054d1-985b-4d3d-a4f4-8efdffda6f9a,10:36.6,P002,T008,Delayed,5,179.47,142,3.48,0.02,81.78,341.89,287.74,365.18,0.79,0.84,-77.44,-54.15,13456.16,13798.05,FALSE
5ff08f89-a037-4257-8940-bbad084821c2,14:25.2,P003,T010,Delayed,4,138.57,59,5.82,0.08,79.19,534.84,365.51,705.93,0.52,0.68,-340.42,-169.33,6301.87,6836.72,FALSE
609b8194-a71d-48b4-96bb-63ee0b9d5f3b,05:32.8,P002,T007,Completed,3,213.77,90,115.58,1,78.88,10982.4,7099.2,7099.2,1,0.65,0,-3883.2,0,10982.4,FALSE
60ce5f84-915d-4ce5-933e-6418c6f49188,02:53.4,P002,T006,Completed,1,312.73,152,155.46,1,131.69,20756.88,20016.88,20016.88,1,0.96,0,-740,0,20756.88,FALSE
61a59495-a80a-4671-aa3f-5747e3dd17fd,17:31.8,P001,T008,Not Started,4,332.87,86,0.1,0,71.58,8.75,0,1720.59,0,0,-1720.59,-8.75,6155.88,6164.63,FALSE
61a62b8d-25fd-49c3-adda-619b4c9aae30,06:02.8,P003,T001,Completed,1,330.91,198,183.9,1,82.78,16405.34,16390.44,16390.44,1,1,0,-14.9,0,16405.34,FALSE
61aa7de6-1f3f-4165-92a1-e07766e3da8c,10:24.6,P003,T010,Delayed,5,206.64,151,100.12,0.62,127.39,11412.25,12016.67,16662.08,0.72,1.05,-4645.4,604.42,6856.1,18268.35,FALSE
61d4ebf1-5d93-491f-93dd-bac22bf6ea6b,07:39.1,P002,T005,In Progress,5,280.43,51,29.93,0.49,62.06,1916.96,1545.07,1912.38,0.81,0.81,-367.31,-371.89,2009.92,3926.88,FALSE
62050e31-2f75-4569-8ed9-6875991e08f6,10:27.6,P003,T003,In Progress,1,258.9,115,48.99,0.35,130.45,6595.19,5256.57,5380.13,0.98,0.8,-123.56,-1338.62,12226.86,18822.05,FALSE
62dd9717-9c96-48c1-bc34-ec3221ce2a2d,04:53.7,P001,T009,Not Started,2,226.65,106,0.1,0,149.03,12.18,0,3419.65,0,0,-3419.65,-12.18,15797.18,15809.36,FALSE
63ca004e-6015-437b-99c0-7df0137d334a,13:22.0,P003,T004,Not Started,3,270.41,184,0.1,0,91.91,10.93,0,11581.66,0,0,-11581.66,-10.93,16911.44,16922.37,FALSE
656e08dd-6909-4f0d-ae5a-07b979f25a34,11:15.7,P001,T005,In Progress,4,232.7,127,18.08,0.14,139.64,3270.58,2395.88,3206.76,0.75,0.73,-810.88,-874.7,20938.21,24208.79,FALSE
65969d99-3171-4b68-aad9-ed7ef63b0d69,21:20.5,P003,T008,Completed,4,498.8,112,99.24,1,99.6,7985.13,11155.2,11155.2,1,1.4,0,3170.07,0,7985.13,TRUE
66e4f796-c829-45ff-bf93-08c30c1bda9b,13:49.1,P001,T008,Delayed,2,245.27,88,35.46,0.46,63.97,2822.72,2598.9,3996.77,0.65,0.92,-1397.87,-223.82,3291.45,6114.17,FALSE
66f94793-ae1e-4836-9b02-c0964a076597,13:34.1,P003,T004,In Progress,2,309.25,176,98.2,0.43,55.52,6747.21,4207.98,5189.16,0.81,0.62,-981.18,-2539.22,8920.75,15667.95,FALSE
67a36e3f-677b-49b9-964b-5188dda6d517,22:29.7,P003,T007,Not Started,5,137.79,171,0.1,0,90.56,7.52,0,9536.38,0,0,-9536.38,-7.52,15485.76,15493.28,FALSE
68a14fb8-a8bf-4882-95bf-40baed35174b,05:35.8,P001,T006,Delayed,1,402.67,194,71.82,0.44,114.36,9123.85,9866.88,12454.19,0.79,1.08,-2587.31,743.03,11391.27,20515.11,FALSE
68a81952-e411-447c-81d6-068c48565937,03:44.5,P002,T008,Not Started,2,440.86,78,0.1,0,77.84,6.52,0,3350.8,0,0,-3350.8,-6.52,6071.52,6078.04,FALSE
6937e22b-382e-47c8-a157-3c1305bf30d0,04:56.7,P003,T003,Not Started,4,204.09,79,0.1,0,61.45,6.76,0,3856.53,0,0,-3856.53,-6.76,4854.55,4861.31,FALSE
69bbf979-81e6-47a4-84f5-926f4d47cbd6,16:04.5,P003,T002,Completed,5,417.7,52,58.44,1,60.45,3333.65,3143.4,3143.4,1,0.94,0,-190.25,0,3333.65,FALSE
6a9ce8aa-b397-4f07-8a85-c2ef6ea137e0,20:59.4,P001,T007,Not Started,4,294.03,101,0.1,0,94.9,8.24,0,6018.62,0,0,-6018.62,-8.24,9584.9,9593.14,FALSE
6ae73a4f-cf83-464c-af55-5ac95f1ee85e,13:10.0,P003,T006,Not Started,5,354.04,171,0.1,0,134.89,15.9,0,20974.25,0,0,-20974.25,-15.9,23066.19,23082.09,FALSE
6b583af3-a989-4188-94cf-130f0ce38649,01:29.2,P002,T002,In Progress,1,390.97,60,13.13,0.24,123.09,1392.47,1786.17,1678.08,1.06,1.28,108.09,393.7,4365.06,5757.52,TRUE
6be8f41b-a1ea-4e50-a6c2-e36f20ea7f90,21:32.5,P002,T002,Not Started,3,487.29,151,0.1,0,147.93,16.8,0,9199.95,0,0,-9199.95,-16.8,22337.43,22354.23,FALSE
6c8bb360-1fd4-47a9-9981-cb5e1cce9d07,18:44.0,P003,T009,Delayed,3,397.72,54,18.23,0.28,146.93,3248.4,2247.55,4310.13,0.52,0.69,-2062.58,-1000.85,8218.99,11467.38,FALSE
6cabefdd-38e5-42d2-930a-cc0ee8799d26,18:17.0,P002,T006,In Progress,2,168.19,133,47.19,0.29,126.42,6685.79,4918.06,6015.85,0.82,0.74,-1097.79,-1767.73,16171.58,22857.37,FALSE
6db7825c-1259-4366-93be-78fa7586c708,07:15.0,P003,T009,Completed,5,387.62,88,91.49,1,126.1,13043.92,11096.8,11096.8,1,0.85,0,-1947.12,0,13043.92,FALSE
6f8f0f87-dfa2-447e-b2c9-f870037c6368,11:06.7,P003,T001,Delayed,1,357.78,168,79.6,0.38,142.8,9798.52,9022.19,20293.05,0.44,0.92,-11270.86,-776.33,16256.16,26054.69,FALSE
6fe4219b-a2f9-4df6-8666-304c2b0bb061,11:33.8,P003,T001,Completed,4,296.85,191,240.58,1,141.8,33498.34,27083.8,27083.8,1,0.81,0,-6414.54,0,33498.34,FALSE
70696002-7b1a-4c75-9144-ea4e6c686108,12:36.9,P003,T003,Not Started,4,311.51,41,0.1,0,63.43,7.73,0,1215.09,0,0,-1215.09,-7.73,2600.63,2608.36,FALSE
70cc5428-3f8d-4597-8bee-0434659ee48c,18:56.1,P003,T009,Completed,4,150.72,169,163.88,1,76.38,13878.62,12908.22,12908.22,1,0.93,0,-970.4,0,13878.62,FALSE
713321f4-9ff8-4321-853b-8a8765d32e5f,24:18.0,P002,T010,In Progress,5,219.9,139,46.26,0.41,124.99,6463.81,7041.36,9184.76,0.77,1.09,-2143.4,577.56,9484.76,15948.57,FALSE
726a7345-2b62-4fa5-a580-30d55719a507,11:18.7,P003,T009,Not Started,1,356.7,98,0.1,0,85.64,10.59,0,1805.51,0,0,-1805.51,-10.59,8392.72,8403.31,FALSE
73e7676d-a800-4cec-ae49-2559dc9ab38a,16:52.6,P001,T001,Not Started,3,210.98,141,0.1,0,130.97,12.49,0,13846.09,0,0,-13846.09,-12.49,18466.77,18479.26,FALSE
743e33b9-591e-4c14-9016-4b18a3e2aa3e,02:14.3,P003,T010,Not Started,4,405.02,191,0.1,0,126.65,15.78,0,14285.36,0,0,-14285.36,-15.78,24190.15,24205.93,FALSE
749fdd61-590c-4558-b3cf-ac86eabe3f9e,20:47.4,P002,T005,Not Started,5,414.14,109,0.1,0,70.33,6.48,0,5841.61,0,0,-5841.61,-6.48,7665.97,7672.45,FALSE
74a46e78-d4a1-4be4-8052-3c36a1bc91f7,08:39.3,P003,T006,Completed,4,462.53,82,78.29,1,92.89,6650.95,7616.98,7616.98,1,1.15,0,966.03,0,6650.95,TRUE
76534aa6-653c-406c-b8ec-a9afc19063d6,13:07.0,P002,T009,Not Started,3,213.82,130,0.1,0,116.92,10.9,0,12402.81,0,0,-12402.81,-10.9,15199.6,15210.5,FALSE
76aa479c-6790-462c-8654-c532b19ee818,18:01.9,P001,T006,In Progress,1,497.19,123,131.83,1,119.14,18194.97,14654.22,14042.99,1.04,0.81,611.23,-3540.75,0,18194.97,FALSE
76aaa0be-e4e5-45a5-9700-8afc3b4f6995,13:16.0,P001,T009,Delayed,4,231.89,197,17.15,0.09,84.37,1194.45,1565.4,4904.12,0.32,1.31,-3338.72,370.96,11487.77,12682.21,FALSE
778f49b8-cbd2-4b95-a798-3f7e93c10c59,17:25.7,P001,T008,Delayed,2,103.94,66,5.59,0.07,130.76,752.97,590.74,999.62,0.59,0.78,-408.87,-162.23,10247.16,11000.13,FALSE
7801ad2b-1769-4a03-9648-49c52c9de34b,03:17.5,P001,T009,In Progress,1,466.47,80,25.16,0.28,58.79,1584.56,1336.61,1234.47,1.08,0.84,102.14,-247.95,3991.12,5575.68,FALSE
78557b2f-0bb9-44b4-adc0-fe6a4c58b024,18:59.1,P003,T006,In Progress,2,471.93,72,75.22,0.81,138.26,10777.83,8018.22,7842,1.02,0.74,176.21,-2759.62,2602.99,13380.82,FALSE
7886446e-0b2f-44bb-8fde-d51affa0d36d,06:23.9,P001,T006,Completed,5,245.34,102,103.72,1,122.31,13258.96,12475.62,12475.62,1,0.94,0,-783.34,0,13258.96,FALSE
78e35df9-e64b-494e-94ef-698b48414364,10:57.6,P003,T007,Completed,5,388.38,145,186.08,1,136.26,32715.45,19757.7,19757.7,1,0.6,0,-12957.75,0,32715.45,FALSE
78edd4da-beb2-4b53-ac05-4701f59e7054,15:25.4,P003,T008,In Progress,2,128.82,182,174.84,0.95,146.48,24369.08,25300.28,26324.9,0.96,1.04,-1024.62,931.2,1309.06,25678.14,FALSE
78f6fa6d-b41e-4302-88d1-f5a3af67d122,11:00.7,P001,T006,Delayed,5,422.83,143,20.04,0.14,99.05,2318.41,2032.67,4871.73,0.42,0.88,-2839.06,-285.74,13836.84,16155.25,FALSE
7962423b-df46-4087-87a3-971e59275332,07:09.0,P001,T003,Completed,5,382.2,134,169.65,1,103.39,16602.62,13854.26,13854.26,1,0.83,0,-2748.36,0,16602.62,FALSE
79e09f94-83f8-48d0-ae51-14eb69800bc4,19:05.1,P001,T001,Completed,1,379.23,187,227.89,1,142.24,29791.18,26598.88,26598.88,1,0.89,0,-3192.3,0,29791.18,FALSE
7aefa43e-be0d-4989-ac8f-0b770f9dc328,01:23.1,P001,T001,In Progress,3,159.41,108,20.02,0.15,82.94,1610.88,1344.89,1855.4,0.72,0.83,-510.52,-266,9118.29,10729.18,FALSE
7b0cfe89-ce89-468e-a6a1-fa208a6a6ffe,04:23.6,P003,T005,Delayed,3,246.64,57,5.58,0.09,112.42,666.09,599.93,1627.21,0.37,0.9,-1027.29,-66.16,6448.54,7114.63,FALSE
7b315b3a-5b4e-457f-8518-5294534c215e,14:37.2,P001,T005,In Progress,1,328.4,187,152.2,0.73,138.93,24078.46,18890.97,18729.25,1.01,0.78,161.71,-5187.5,9035.58,33114.05,FALSE
7bda3b3f-57b0-4ac1-9208-1fb1a9e1f7d5,08:36.3,P001,T008,Completed,5,315.99,170,153.29,1,62.56,9552.89,10635.2,10635.2,1,1.11,0,1082.31,0,9552.89,TRUE
7cfb90d2-7042-4a0c-be29-9adee44879c7,02:29.3,P003,T004,In Progress,3,445.4,185,62.71,0.31,85.35,4835.49,4910.01,5647.02,0.87,1.02,-737.01,74.51,10714.64,15550.13,FALSE
7df8b9f7-3435-472c-a3c8-5c12516e032c,07:33.1,P001,T004,In Progress,2,206.23,193,176.21,0.81,97.66,19706.49,15257.03,13091.47,1.17,0.77,2165.56,-4449.46,4638.71,24345.2,FALSE
7fbfa00e-f70b-4f44-b35f-f266d3a37460,06:57.0,P001,T004,Completed,4,220.6,170,151.79,1,113.06,18801.64,19220.2,19220.2,1,1.02,0,418.56,0,18801.64,TRUE
7fe72e89-0b1a-4260-a29d-4482f649a30a,20:41.4,P002,T003,In Progress,2,351.41,68,61.63,1,133.76,8264.99,9095.68,9034.68,1.01,1.1,61,830.69,0,8264.99,TRUE
8076e3d5-9fc5-49f7-abff-3b2a5fbf4cf0,17:28.7,P003,T006,Completed,4,319.55,191,232.68,1,70.55,17478.13,13475.05,13475.05,1,0.77,0,-4003.08,0,17478.13,FALSE
8094e2b1-bb6a-4084-abc3-a6accfa1d8c7,21:11.5,P001,T002,In Progress,3,210.07,162,129.48,0.86,136.08,15823.5,18959.57,20744.17,0.91,1.2,-1784.59,3136.08,2575.04,18398.54,FALSE
80d29a2d-14c6-43d6-8c7f-4dde53083932,10:42.6,P001,T007,Not Started,4,338.65,43,0.1,0,93.03,8.04,0,3944.08,0,0,-3944.08,-8.04,4000.29,4008.33,FALSE
81b75b44-24ee-4a70-b496-b1e5203ade82,23:29.9,P002,T010,Delayed,2,447.24,113,20.69,0.16,142.46,2631.82,2616.25,5194.31,0.5,0.99,-2578.06,-15.57,13561.97,16193.79,FALSE
8277166c-5181-47a6-8350-f65df4ff8773,08:03.2,P003,T006,Completed,1,497.72,58,61.91,1,83.15,5739.34,4822.7,4822.7,1,0.84,0,-916.64,0,5739.34,FALSE
828f0f82-3e62-4562-a1dc-e099c98bd3fd,04:11.6,P002,T007,In Progress,3,388.92,169,64.08,0.33,94.75,7764.49,5232.79,7321.14,0.71,0.67,-2088.35,-2531.7,15995.47,23759.95,FALSE
82bb0e24-09f7-4373-b3eb-dd6395c5fe5e,08:27.2,P001,T005,Completed,4,489.78,89,108.88,1,53.89,7145.64,4796.21,4796.21,1,0.67,0,-2349.43,0,7145.64,FALSE
8309a02f-714d-48fa-b627-f08b604c56c6,16:28.6,P003,T010,In Progress,3,215.24,154,33.04,0.2,54.41,1758.02,1666.64,2374.63,0.7,0.95,-707.99,-91.38,7080.56,8838.58,FALSE
8373bf4c-c81c-4687-92ae-52ec7af64c8f,06:35.9,P001,T006,Not Started,4,410.9,160,0.1,0,109.46,9.85,0,6935.97,0,0,-6935.97,-9.85,17513.6,17523.45,FALSE
83aee52e-582b-4ce3-92a1-0cb8206a779a,06:26.9,P002,T001,In Progress,1,397.74,151,39.58,0.3,86.18,4233.12,3926.25,4278.1,0.92,0.93,-351.85,-306.87,9797.14,14030.26,FALSE
84135513-5380-4ce3-8ffb-51db62721516,15:04.3,P001,T003,Not Started,1,339.31,87,0.1,0,63.68,5.4,0,3800.17,0,0,-3800.17,-5.4,5540.16,5545.56,FALSE
8485f363-988d-43fc-a550-068ed6490f0b,03:11.4,P002,T003,Delayed,3,123.2,164,24.94,0.15,68.14,2110.92,1672.44,2351.27,0.71,0.79,-678.82,-438.48,11993.86,14104.78,FALSE
85da78cd-855d-4476-8d93-049e464b3fac,15:49.5,P003,T001,Not Started,2,402.64,57,0.1,0,94.28,10.38,0,1648.94,0,0,-1648.94,-10.38,5373.96,5384.34,FALSE
881ed9f2-eb37-4482-9546-c43d770231a5,11:30.8,P001,T001,Completed,3,156.16,109,108.15,1,135.93,17637.38,14816.37,14816.37,1,0.84,0,-2821.01,0,17637.38,FALSE
8a0c5dcd-aeb2-4445-8aa0-eca357fcc3be,07:27.1,P002,T009,Completed,1,249.29,196,241.71,1,88.92,24298.78,17428.32,17428.32,1,0.72,0,-6870.46,0,24298.78,FALSE
8a7aa5b5-5474-44f7-95b3-dc3098d3b625,19:23.2,P002,T005,Not Started,4,187.94,157,0.1,0,122.73,9.92,0,17215.45,0,0,-17215.45,-9.92,19268.61,19278.53,FALSE
8b417a5d-99d7-4010-9b35-3743e5a90f60,09:39.4,P001,T002,In Progress,1,206.87,99,80.63,0.92,149.53,11763.8,13645.52,12993.45,1.05,1.16,652.07,1881.72,998.27,12762.07,TRUE
8b4617ae-42a6-496f-bd01-6810005cc39d,06:29.9,P002,T004,In Progress,4,357.93,108,42.8,0.38,54.56,2552.04,2230.93,2373.48,0.94,0.87,-142.55,-321.11,4188.58,6740.62,FALSE
8c4476b5-102f-4d35-849a-e3fd8a975718,03:38.5,P001,T003,Not Started,1,425.64,139,0.1,0,119.88,11.21,0,14033.63,0,0,-14033.63,-11.21,16663.32,16674.53,FALSE
8c67d100-ece3-46f7-8523-ca04b47918ec,08:57.3,P001,T004,In Progress,2,313.86,70,75.75,0.94,52.08,4625.59,3443.82,3153.12,1.09,0.74,290.69,-1181.77,271.03,4896.62,FALSE
8c720018-6221-4bfa-8e8f-5079a71d70f7,08:18.2,P002,T003,In Progress,5,128.92,170,129.55,0.6,145.21,23902.06,14852.62,14201.2,1.05,0.62,651.43,-9049.43,15824.19,39726.25,FALSE
8c721dc2-4e38-42f1-825e-36acd22dd072,08:30.2,P002,T005,Not Started,3,166.37,72,0.1,0,116.08,10.83,0,8135.4,0,0,-8135.4,-10.83,8357.76,8368.59,FALSE
8d272977-87c7-4539-bda4-190782a69a8d,05:02.7,P002,T010,Delayed,4,350.92,178,43.93,0.26,126.93,5896.72,5829.4,18157.21,0.32,0.99,-12327.81,-67.32,16957.73,22854.44,FALSE
8d818ade-2cc9-4c3b-862f-8f023c77fb81,03:59.5,P002,T004,In Progress,2,379.34,146,27.27,0.22,144.24,4814.91,4579.38,4561.44,1,0.95,17.94,-235.53,17327.26,22142.16,FALSE
8e219ba6-d6c5-4084-8b3a-3e20e4028afc,07:00.0,P001,T004,Delayed,4,360.97,166,21.52,0.12,80.55,1880.16,1553.36,2155.97,0.72,0.83,-602.61,-326.8,14304.26,16184.42,FALSE
8e65e17c-04f5-4047-9216-e397752e31af,19:47.3,P001,T005,Completed,5,117.43,76,86.36,1,138.19,11467.78,10502.44,10502.44,1,0.92,0,-965.34,0,11467.78,FALSE
8f02a637-c5a0-4407-9adb-6bb2a051c89d,12:52.0,P003,T004,Not Started,1,393.71,178,0.1,0,124.18,14.54,0,6595.24,0,0,-6595.24,-14.54,22104.04,22118.58,FALSE
8f616149-a471-418b-8aa7-eea1fb7764c6,20:29.3,P002,T004,Completed,1,305.32,82,75.78,1,50.5,4874.52,4141,4141,1,0.85,0,-733.52,0,4874.52,FALSE
90ac17b1-e67f-4667-adaa-cffd22c5d7d9,22:50.8,P003,T005,Delayed,5,493.79,51,20.82,0.42,50.29,1172.3,1074.31,1679.66,0.64,0.92,-605.35,-97.99,1626.44,2798.74,FALSE
910e5073-ba40-4898-a816-d1730ba31b66,09:06.3,P002,T003,Delayed,1,357.96,85,15.16,0.2,116.64,1868.4,2032.17,4520.81,0.45,1.09,-2488.64,163.77,7247.02,9115.42,FALSE
918ae643-8b1a-43ed-bded-c029eca0510c,08:45.3,P001,T006,Delayed,2,435.35,94,27.49,0.26,84.2,2980.8,2091,3057.51,0.68,0.7,-966.51,-889.8,8302.04,11282.84,FALSE
91bc03f3-673e-48dc-8205-353a1d637322,24:12.0,P002,T010,Not Started,1,140.72,97,0.1,0,126.23,14.82,0,1308.07,0,0,-1308.07,-14.82,12244.31,12259.13,FALSE
91d73f3a-7f2c-480a-b721-18e514b2b24b,07:18.0,P001,T001,In Progress,4,143.47,161,102.14,0.59,57.11,6613.11,5425.14,4870.89,1.11,0.82,554.25,-1187.97,4595.01,11208.11,FALSE
932d69a6-e28d-49ba-a080-c28863f02ed0,07:03.0,P002,T008,In Progress,3,247.27,70,67.58,1,81.72,6012.87,5720.4,5192.91,1.1,0.95,527.49,-292.47,0,6012.87,FALSE
9372163d-944f-4969-958c-7ab5bce1a571,12:30.9,P002,T003,In Progress,4,351.53,69,39.55,0.49,82.14,2862.31,2760.09,3412.38,0.81,0.96,-652.29,-102.22,3015.25,5877.56,FALSE
93fed678-752a-4379-95b6-5b19207671f0,13:40.1,P003,T006,Completed,2,370.37,154,162.31,1,59.59,11634.65,9176.86,9176.86,1,0.79,0,-2457.79,0,11634.65,FALSE
9442f58c-f5f0-482a-ad2c-48ef04e18396,10:45.6,P002,T009,Not Started,4,421.9,48,0.1,0,78.47,10.12,0,3721.27,0,0,-3721.27,-10.12,3766.56,3776.68,FALSE
954494ff-6fb4-4081-b809-5fc42476b295,03:08.4,P003,T004,Completed,2,222.75,136,144.87,1,121.7,17835.44,16551.2,16551.2,1,0.93,0,-1284.24,0,17835.44,FALSE
96016075-0f24-4f8c-a4a9-2fc2fdb08465,10:48.6,P001,T009,In Progress,4,218.61,121,51.9,0.37,135.34,8381.96,6124.22,7161,0.86,0.73,-1036.77,-2257.73,14031.35,22413.3,FALSE
96600080-1bc3-42cd-9155-1364613b4ec3,01:44.2,P001,T007,In Progress,3,135.75,180,88.45,0.44,61.16,4607.58,4884.26,4596.78,1.06,1.06,287.48,276.68,5777.6,10385.18,TRUE
96f6d61a-a1eb-4f5c-99b8-f8b869df5de3,11:24.8,P001,T003,In Progress,2,147.41,146,52.86,0.35,116.54,5291.58,5906.38,6644.66,0.89,1.12,-738.28,614.8,9952.17,15243.74,FALSE
970672e7-d59e-4a0e-b246-32e4c6c33d8f,09:18.4,P002,T010,Delayed,5,195.07,188,151.68,0.64,62.44,11018.17,7505.19,9805.08,0.77,0.68,-2299.89,-3512.97,6215.12,17233.29,FALSE
9711b142-5300-41d7-840c-9ff9e29265d9,09:15.4,P001,T010,Not Started,4,106.13,163,0.1,0,106.33,9.09,0,8517.62,0,0,-8517.62,-9.09,17331.79,17340.88,FALSE
9745316f-75ea-4148-86c9-cf239a26d250,16:40.6,P003,T001,Not Started,2,149.23,58,0.1,0,92.68,7.88,0,2872.29,0,0,-2872.29,-7.88,5375.44,5383.32,FALSE
97b1479a-65e8-40c2-9044-4629e29056af,05:47.8,P003,T001,Not Started,5,325.41,56,0.1,0,58.72,4.94,0,2508.59,0,0,-2508.59,-4.94,3288.32,3293.26,FALSE
98173829-2ddb-4719-b921-e465654c0123,17:10.7,P003,T005,Delayed,5,123,114,25.27,0.21,50.42,1481.52,1189.69,1865.51,0.64,0.8,-675.82,-291.83,5676.31,7157.83,FALSE
984bf458-718e-4f51-93bb-75d2df0caa30,18:23.0,P003,T005,Completed,4,446.67,98,114.59,1,143.86,19538.14,14098.28,14098.28,1,0.72,0,-5439.86,0,19538.14,FALSE
9875dda0-e9f2-4d4b-b214-0d644f91d932,01:53.2,P003,T004,Not Started,2,230.58,182,0.1,0,142,17.69,0,18050.91,0,0,-18050.91,-17.69,25844,25861.69,FALSE
9899636a-88ab-4d78-98c1-af3fdb52f4e2,11:54.8,P003,T008,Not Started,5,381.18,49,0.1,0,76.29,8.97,0,198.29,0,0,-198.29,-8.97,3738.21,3747.18,FALSE
98ff9c02-bef8-41fd-b5ad-795c5bd632ed,02:05.3,P001,T005,Delayed,1,447.89,110,25.41,0.24,129.56,4114.16,3467.16,7074.05,0.49,0.84,-3606.89,-647,12796.9,16911.07,FALSE
9923cbc3-4349-420f-857e-6344cfaf61de,04:47.7,P001,T001,Not Started,4,258,41,0.1,0,117.39,9.95,0,1226.68,0,0,-1226.68,-9.95,4812.99,4822.94,FALSE
99573316-ddc8-4d6b-aece-274db349b637,19:32.2,P001,T004,Not Started,2,278.65,159,0.1,0,58.37,6.19,0,8094.71,0,0,-8094.71,-6.19,9280.83,9287.02,FALSE
9a1c316a-8cb9-4a8e-a21a-683dd612f760,02:41.4,P003,T001,Not Started,1,460.81,88,0.1,0,145.47,16.88,0,10354.84,0,0,-10354.84,-16.88,12801.36,12818.24,FALSE
9a21897f-e189-43ca-bdc4-d4bc5ff78135,01:26.1,P003,T002,In Progress,1,144.48,58,44.07,0.73,77.91,3559.28,3284.49,3190.95,1.03,0.92,93.54,-274.79,1337.55,4896.84,FALSE
9a88eb93-09f8-49f3-b23d-746c0f7ea0c2,19:50.3,P003,T009,Delayed,3,274.53,144,110.62,0.64,119.97,17214.04,11134.7,15673.15,0.71,0.65,-4538.45,-6079.34,9493.84,26707.87,FALSE
9ab5e39b-df6a-4912-8558-e906f206dd51,04:20.6,P001,T009,Completed,5,488.47,172,138.51,1,140.45,21609.71,24157.4,24157.4,1,1.12,0,2547.69,0,21609.71,TRUE
9abe3217-08d2-40d6-b9af-42864fc63201,17:49.8,P001,T001,In Progress,2,362.23,200,93.94,0.51,107.72,8773.41,10898.72,9576.7,1.14,1.24,1322.03,2125.31,8569.39,17342.8,TRUE
9b8aaa34-76c3-4c93-9940-d8e2a35929ba,21:26.5,P002,T009,In Progress,3,133.12,187,4.06,0.02,95.04,384.45,437.79,503.55,0.87,1.14,-65.76,53.34,15222.55,15606.99,FALSE
9bd549d3-810d-46c6-87d9-01d6b427bf6d,22:32.7,P002,T002,Not Started,5,439.13,187,0.1,0,85.8,8.91,0,6602.48,0,0,-6602.48,-8.91,16044.6,16053.51,FALSE
9be158df-b433-4452-8a99-7cea519e16a4,02:38.4,P001,T004,Completed,1,169.84,68,55.37,1,122.85,6037.47,8353.8,8353.8,1,1.38,0,2316.33,0,6037.47,TRUE
9d462536-0ab9-4eec-aae8-7e66006c8741,20:38.3,P003,T009,Completed,2,383.36,187,178.93,1,73.11,14542.43,13671.57,13671.57,1,0.94,0,-870.86,0,14542.43,FALSE
9e2af6eb-df2f-4565-8588-e19a2dfb89e1,14:46.2,P002,T001,Delayed,1,171.89,117,61.26,0.61,147.13,9126.99,10572.28,16618.98,0.64,1.16,-6046.7,1445.29,5733.95,14860.93,FALSE
9e7f8b5f-1d1d-45cf-aa1d-0950188b6155,23:08.9,P001,T004,Not Started,2,282.78,64,0.1,0,63.75,5.14,0,2855.46,0,0,-2855.46,-5.14,4080,4085.14,FALSE
9f6e7ac3-1d71-47b8-8bb0-ec54e1cceec4,17:58.9,P001,T001,Not Started,4,489.1,170,0.1,0,64.17,5.59,0,2148.87,0,0,-2148.87,-5.59,10908.9,10914.49,FALSE
9f7f016f-7085-455d-a4ca-bf73e3425c8d,09:45.4,P001,T002,Not Started,1,136.64,170,0.1,0,91.4,11.44,0,1476.47,0,0,-1476.47,-11.44,15538,15549.44,FALSE
a038e427-acb4-4fd1-b9cc-43dd9c32764f,17:46.8,P001,T004,Not Started,2,323.36,70,0.1,0,85.93,7.53,0,2085.89,0,0,-2085.89,-7.53,6015.1,6022.63,FALSE
a0885721-d66a-49d5-91c4-07f92aac1969,07:42.1,P002,T007,Delayed,2,199.71,147,33.59,0.2,122.77,3842.41,3689.74,11395.14,0.32,0.96,-7705.4,-152.67,14951.51,18793.92,FALSE
a0dd7cef-66d1-4cdc-af59-2ca8b9e0ed33,11:09.7,P003,T008,Not Started,3,146.79,198,0.1,0,64.79,6.59,0,5685.71,0,0,-5685.71,-6.59,12828.42,12835.01,FALSE
a108ab4b-03b0-487b-93b2-58176a876d73,19:41.2,P001,T010,In Progress,5,363.65,98,100.26,0.89,73.36,7664.75,6398.54,6891.15,0.93,0.83,-492.61,-1266.21,947.22,8611.97,FALSE
a11f8ddd-388d-483b-b1a9-81c683572e86,14:04.2,P002,T009,Delayed,2,475.71,163,48.05,0.34,53.41,3155.04,2990.49,5267.99,0.57,0.95,-2277.5,-164.55,6029.82,9184.85,FALSE
a1300607-d33c-4cc1-8abd-8c9691838527,09:00.3,P003,T002,Delayed,4,436,49,20,0.5,75.31,1801.08,1829.65,2703.13,0.68,1.02,-873.48,28.56,1831.5,3632.58,FALSE
a14825f7-d5c3-48a8-b797-e9acae9c305f,12:15.9,P002,T010,Delayed,1,426.45,128,38.77,0.25,145.86,4985.89,4750.91,9299.81,0.51,0.95,-4548.9,-234.98,14607.6,19593.5,FALSE
a15fe5d7-6fd4-4616-a2ef-0040f76d6a04,12:00.8,P003,T007,Completed,3,129.63,199,254.68,1,76.72,22813.84,15267.28,15267.28,1,0.67,0,-7546.56,0,22813.84,FALSE
a1d06154-d589-4010-9512-a0685b8924ef,16:49.6,P002,T008,Not Started,1,349.48,113,0.1,0,57.83,6.97,0,265.29,0,0,-265.29,-6.97,6534.79,6541.76,FALSE
a21b3cdb-1ad2-401b-a023-cf5e512b219b,01:35.2,P003,T008,Not Started,4,326.55,190,0.1,0,50.38,5.54,0,4826.4,0,0,-4826.4,-5.54,9572.2,9577.74,FALSE
a23eed06-c777-4d8d-9a43-4dfb83f992d6,05:41.8,P002,T007,Not Started,1,352.15,92,0.1,0,72.08,7.59,0,5406.48,0,0,-5406.48,-7.59,6631.36,6638.95,FALSE
a2b90c0b-8a0d-43e4-a9c8-77a37ffc706b,12:27.9,P001,T007,Completed,1,407.35,79,80.11,1,145.28,11631.37,11477.12,11477.12,1,0.99,0,-154.25,0,11631.37,FALSE
a2db0e15-88fd-407d-9737-243084ee56cf,19:20.2,P001,T006,Completed,2,190.55,54,69.39,1,59.55,4395.51,3215.7,3215.7,1,0.73,0,-1179.81,0,4395.51,FALSE
a2e795b2-ce73-4d00-a52f-17840bdb2200,06:41.9,P002,T010,Delayed,3,122.01,200,7.52,0.04,125.96,796.46,956.6,2276.56,0.42,1.2,-1319.95,160.14,20178.27,20974.73,FALSE
a337eb1f-ff93-4fe1-a3a1-93da5064e379,21:29.5,P002,T010,Delayed,1,406.47,100,16.54,0.18,96.89,1548.07,1771.49,6326.55,0.28,1.14,-4555.05,223.43,6918.93,8467,FALSE
a33e21ea-6e79-4b7a-a94e-b7883d52ed97,22:53.8,P001,T006,Completed,1,449.12,131,163.05,1,84.23,15414.59,11034.13,11034.13,1,0.72,0,-4380.46,0,15414.59,FALSE
a3ae9b4b-ac13-4312-8309-44d42e6c72f9,20:44.4,P001,T007,Completed,3,351.33,195,178,1,65.7,13741.19,12811.5,12811.5,1,0.93,0,-929.69,0,13741.19,FALSE
a3c9af99-01c2-4660-a9d9-2197f6e84e2f,24:06.0,P002,T002,In Progress,3,121.2,53,28.95,0.52,72.22,1829.51,1992.47,1982.09,1.01,1.09,10.38,162.96,1685.09,3514.6,TRUE
a5be7a1f-0fe9-4883-b671-ad5dad99dc89,21:38.5,P002,T007,Completed,3,292.2,137,161.27,1,67.33,12674.74,9224.21,9224.21,1,0.73,0,-3450.53,0,12674.74,FALSE
a6d449af-3966-476a-81fd-6a4815a46439,14:01.2,P003,T008,Completed,5,288.25,192,220.43,1,64.31,11871.72,12347.52,12347.52,1,1.04,0,475.8,0,11871.72,TRUE
a757de93-001a-4dc5-80b8-05a33509267b,14:43.2,P002,T009,Not Started,3,102.35,54,0.1,0,71.43,5.73,0,19.11,0,0,-19.11,-5.73,3857.22,3862.95,FALSE
a99961e7-815d-486d-bc24-5a12e4813866,08:24.2,P003,T009,In Progress,5,121.36,100,34.85,0.42,148.65,5008.33,6231.19,6110.17,1.02,1.24,121.02,1222.86,6939.44,11947.76,TRUE
a9ac0e09-46dd-420c-a7f8-720f2305125c,18:38.0,P003,T010,In Progress,3,122.48,114,57.62,0.6,113.46,6697.03,7735,6922.86,1.12,1.15,812.15,1037.98,4501.71,11198.74,TRUE
a9b106b0-403c-4392-9442-9690dd8ce952,19:14.1,P002,T002,Not Started,5,473.24,116,0.1,0,119.21,12.23,0,12530.33,0,0,-12530.33,-12.23,13828.36,13840.59,FALSE
aa9d8595-38d1-45b6-8db1-35479bdf4832,11:48.8,P002,T002,In Progress,2,117.99,71,72.66,0.81,58.6,4955.17,3387.01,2925.64,1.16,0.68,461.37,-1568.16,1131.76,6086.92,FALSE
ab086d2b-6e4c-42fa-a202-23f9f737fe90,12:58.0,P003,T006,In Progress,1,328.75,108,90.01,0.73,95.01,6928.24,7476.39,9895.2,0.76,1.08,-2418.8,548.16,2580.52,9508.75,FALSE
ab61e423-12cb-41ca-ad31-f2f0acf1980a,04:41.6,P001,T006,Not Started,2,281.23,53,0.1,0,95.56,9.78,0,4667.29,0,0,-4667.29,-9.78,5064.68,5074.46,FALSE
abfc25c1-f18a-47d2-a1fe-ad0ae7069a60,22:26.7,P001,T010,Completed,2,129.68,107,122.82,1,127.59,13861.14,13652.13,13652.13,1,0.98,0,-209.01,0,13861.14,FALSE
ae02c38b-5714-4ef0-9bfd-003293ae60d9,04:08.6,P002,T010,Completed,4,171.51,115,126.43,1,80.85,8474.54,9297.75,9297.75,1,1.1,0,823.21,0,8474.54,TRUE
ae58c422-f467-447e-b0f8-ed18290fda24,11:27.8,P003,T008,Not Started,1,383.63,126,0.1,0,98.13,11.04,0,6181.14,0,0,-6181.14,-11.04,12364.38,12375.42,FALSE
af8823af-212e-48ad-a236-08735f1f7a8c,18:47.0,P001,T010,Completed,2,264.04,142,156.55,1,53.12,9506.75,7543.04,7543.04,1,0.79,0,-1963.71,0,9506.75,FALSE
b03fa06b-5679-44ca-b700-1e2e67f95d06,06:20.9,P002,T004,Delayed,3,372.26,162,49,0.36,55.34,2620.13,3265.85,8612.35,0.38,1.25,-5346.5,645.72,4572.38,7192.52,FALSE
b04eca1f-3200-41ed-aa0c-1b18a460081a,15:07.3,P002,T003,In Progress,3,131.32,88,16.85,0.18,149.15,3024.92,2419.02,3245.32,0.75,0.8,-826.29,-605.9,13387.76,16412.68,FALSE
b09a5470-e58c-4df3-9379-915f6cd81a2f,12:39.9,P003,T010,Not Started,5,141.67,76,0.1,0,134.6,12.16,0,1139.88,0,0,-1139.88,-12.16,10229.6,10241.76,FALSE
b0c2b3df-2161-4bc6-999b-ae5356122528,07:36.1,P002,T009,In Progress,2,493.97,67,44.58,0.71,61.36,2483,2900.82,3231.38,0.9,1.17,-330.56,417.82,1035.98,3518.98,FALSE
b10a2c99-7427-456c-b2ac-bb41f7559cfb,13:46.1,P001,T008,In Progress,1,347.36,192,84.72,0.42,74.85,7371.84,6003.06,7716.48,0.78,0.81,-1713.42,-1368.79,10276.2,17648.05,FALSE
b11388fc-7523-4542-bcac-1b1eaa058108,17:01.7,P003,T010,In Progress,2,267.96,48,28.51,0.49,141.69,4417.7,3360.44,4299.59,0.78,0.76,-939.15,-1057.26,4523.18,8940.88,FALSE
b1dfcbaf-18d6-4a1a-9aba-6dfbc05a447e,05:59.8,P001,T001,Not Started,1,462.37,69,0.1,0,50.1,5.93,0,2579.82,0,0,-2579.82,-5.93,3456.9,3462.83,FALSE
b2084f76-78bc-4b94-90da-b752eddaf232,11:51.8,P002,T010,Delayed,2,450.99,83,23.79,0.27,77.88,1869.8,1770.32,5667.68,0.31,0.95,-3897.36,-99.48,4957.46,6827.26,FALSE
b26d92d6-08a5-4918-9cd8-a71fbd5fb7ab,10:15.5,P001,T006,Not Started,1,276.82,175,0.1,0,119.26,11.72,0,13188.26,0,0,-13188.26,-11.72,20870.5,20882.22,FALSE
b2d068fb-66df-4ec8-b547-c46a6fb7f846,15:31.4,P002,T003,Completed,5,138.29,131,129.42,1,73.88,10923.44,9678.28,9678.28,1,0.89,0,-1245.16,0,10923.44,FALSE
b2e4a2ca-35c0-4026-9e68-c24bffd60d18,17:34.8,P002,T010,Completed,2,262.22,51,48.11,1,107.18,5444.03,5466.18,5466.18,1,1,0,22.15,0,5444.03,TRUE
b378262c-89b3-4d9f-9245-241c39629b3d,01:50.2,P001,T006,Not Started,1,146.08,75,0.1,0,112.85,10.7,0,895.52,0,0,-895.52,-10.7,8463.75,8474.45,FALSE
b422d7e3-eaa5-4216-aca9-ff08e70d55cc,03:50.5,P003,T001,Delayed,3,362.31,150,88.99,0.48,115.02,8897.67,8352.22,12871.81,0.65,0.94,-4519.6,-545.45,9482.06,18379.73,FALSE
b47cea9b-0de0-40b6-9ea2-a12511514344,22:05.6,P002,T001,Delayed,4,287.66,108,11.29,0.12,117.27,1077.9,1471.43,4187.84,0.35,1.37,-2716.41,393.53,8199.97,9277.87,FALSE
b511f7c8-fd40-4b48-be87-0af796e992be,04:29.6,P003,T008,In Progress,4,160.34,50,18.28,0.35,76.89,1816.08,1354.4,1868.89,0.72,0.75,-514.49,-461.68,3338.91,5154.99,FALSE
b52259f2-6202-40e8-a1b2-0e6cab30e450,19:38.2,P001,T006,Delayed,2,296.98,88,34.67,0.36,73.9,2085.79,2373.03,5593.8,0.42,1.14,-3220.76,287.24,3630.23,5716.02,FALSE
b53d7186-15a1-475e-a656-9241313fd54b,05:05.7,P002,T008,Not Started,2,302.51,102,0.1,0,134.8,14.56,0,8587.56,0,0,-8587.56,-14.56,13749.6,13764.16,FALSE
b5541178-4f48-4453-8ac7-e93d7fa6f7ff,02:59.4,P002,T002,In Progress,1,146.45,51,22.87,0.44,55.54,1403.74,1244.43,1535.05,0.81,0.89,-290.63,-159.32,1791.43,3195.18,FALSE
b5cd2790-e206-4fba-b60a-7e3101726302,20:50.4,P002,T009,Not Started,5,299.35,170,0.1,0,113.19,14.25,0,14684.95,0,0,-14684.95,-14.25,19242.3,19256.55,FALSE
b83a9c16-c9dc-4804-857c-4204b1c704ea,02:08.3,P001,T003,Not Started,1,120.75,96,0.1,0,145.33,12.12,0,3814.42,0,0,-3814.42,-12.12,13951.68,13963.8,FALSE
b89ab65f-e648-4f8e-8008-8980a06f5194,20:53.4,P001,T010,Delayed,5,277.39,110,32.12,0.23,87.27,2336.87,2247.79,4424.47,0.51,0.96,-2176.68,-89.08,7643.26,9980.13,FALSE
b94a46ba-369a-4f9d-9965-d0c4e2c7887a,13:31.1,P001,T004,Not Started,3,379.38,185,0.1,0,108.58,11.78,0,6253.18,0,0,-6253.18,-11.78,20087.3,20099.08,FALSE
b99783b3-d3da-49fe-9d35-230213dfded6,15:58.5,P001,T006,Not Started,1,137.64,79,0.1,0,81.59,8.18,0,1.87,0,0,-1.87,-8.18,6445.61,6453.79,FALSE
bb0925d3-2168-470e-8c96-7af9ab7e56c5,09:21.4,P002,T008,Completed,4,345.89,181,197.34,1,124.02,30730.29,22447.62,22447.62,1,0.73,0,-8282.67,0,30730.29,FALSE
bc3aba12-5a1d-4fe7-8262-e36de7097e6c,14:58.3,P002,T008,Delayed,5,123.06,143,1.42,0.01,90.64,115.23,153.86,589.49,0.26,1.34,-435.63,38.63,9591.7,9706.92,FALSE
bc734c25-ce32-4102-bc86-be93231a7c7c,03:14.4,P003,T004,In Progress,5,457.81,138,64.83,0.53,113.82,7959.59,8292.91,10328.07,0.8,1.04,-2035.16,333.31,7116.25,15075.85,FALSE
bc807fb6-7e0e-4049-a06f-1acd4fb89569,10:12.5,P002,T003,Completed,4,430.07,121,147.61,1,61.11,7399.1,7394.31,7394.31,1,1,0,-4.79,0,7399.1,FALSE
bd0e9b52-d159-4c2e-b337-59e678805046,17:40.8,P003,T008,Completed,3,123.63,152,137,1,113.71,13337.19,17283.92,17283.92,1,1.3,0,3946.73,0,13337.19,TRUE
bd74e716-02bf-4f8b-a1a3-5103fb6c588a,03:47.5,P003,T005,Delayed,2,322.97,122,31.75,0.22,108.77,4084.32,2903.88,6883.6,0.42,0.71,-3979.73,-1180.45,14579.95,18664.28,FALSE
bf524ee3-fef7-4790-8a45-d024aa8ccd37,10:18.6,P003,T009,Delayed,2,269.85,168,59.13,0.31,66.5,4311.41,3510.05,5875.99,0.6,0.81,-2365.94,-801.36,9411.21,13722.62,FALSE
bff4bdc3-5412-4c0b-b1a3-09de94c1ada0,03:23.5,P002,T004,Completed,3,468.36,180,193.72,1,117.45,19023.96,21141,21141,1,1.11,0,2117.04,0,19023.96,TRUE
c04a481b-27ab-4a28-be62-c5655503ff02,20:08.3,P002,T001,In Progress,1,489.7,64,19.84,0.31,112.01,2705.33,2215.56,2038.48,1.09,0.82,177.08,-489.77,6047.99,8753.32,FALSE
c0a04a98-2c89-41a7-801f-762bd22ef21e,21:35.5,P002,T006,Completed,3,400.75,63,72.11,1,126.73,10401.66,7983.99,7983.99,1,0.77,0,-2417.67,0,10401.66,FALSE
c0a63aaf-dc20-4514-b66d-2b846ed39263,16:16.6,P003,T005,Completed,2,431.35,103,119.4,1,69.69,8383.8,7178.07,7178.07,1,0.86,0,-1205.73,0,8383.8,FALSE
c286eace-e9cb-44d1-a4ab-6e9056b45ff7,02:02.2,P003,T008,Delayed,1,222.18,65,1.05,0.02,68.98,83.97,71.39,274.35,0.26,0.85,-202.97,-12.58,5190.01,5273.98,FALSE
c2d0e36c-4361-48c8-aac8-16356f640c45,20:35.3,P003,T002,Not Started,3,254.92,101,0.1,0,61.61,6.62,0,2480.11,0,0,-2480.11,-6.62,6222.61,6229.23,FALSE
c3afddaf-b60c-42ca-81de-55272b449f7c,07:54.2,P002,T008,In Progress,1,353.97,149,21.53,0.12,71.58,1277.7,1237.57,1070.1,1.16,0.97,167.47,-40.13,9733.55,11011.25,FALSE
c488e838-d5c2-432c-9add-c2c8e9e054e7,18:26.0,P001,T008,In Progress,5,253.98,44,5.69,0.12,64.01,441.26,324.91,463.37,0.7,0.74,-138.46,-116.34,3383.69,3824.95,FALSE
c5c61629-4d70-4590-b627-b32759e7bc91,22:08.6,P002,T008,Delayed,1,320.34,100,23.6,0.25,126.1,2682.91,3124.47,9928.25,0.31,1.16,-6803.78,441.55,8145.02,10827.94,FALSE
c78b9e5e-c233-43bf-8e68-b7b81bc8746c,23:45.0,P003,T006,In Progress,2,301.42,81,34.07,0.49,57.46,2452.32,2302.59,2711.66,0.85,0.94,-409.07,-149.73,2504.58,4956.9,FALSE
c791e906-e20f-443f-b192-36fd788a5353,23:48.0,P001,T001,Not Started,4,408.49,120,0.1,0,81.82,6.87,0,7427.1,0,0,-7427.1,-6.87,9818.4,9825.27,FALSE
c7d77948-1d31-46a7-83d8-3b9da03d3918,03:20.5,P002,T007,In Progress,1,488.03,131,1.91,0.01,93.68,179.62,173.59,167.39,1.04,0.97,6.2,-6.04,12519.13,12698.75,FALSE
c7f8c919-7999-4b5a-85ec-1e92fb0df5da,08:09.2,P001,T003,Not Started,1,296.98,196,0.1,0,51.7,5.01,0,1583.36,0,0,-1583.36,-5.01,10133.2,10138.21,FALSE
c81e9ce9-cc43-4c37-93ac-d52183940157,05:56.8,P003,T001,Not Started,4,171.75,156,0.1,0,60.78,5.28,0,6213.03,0,0,-6213.03,-5.28,9481.68,9486.96,FALSE
c85af59b-1a17-461d-903e-e6b35d752976,01:41.2,P003,T007,Completed,5,365.12,149,192.44,1,133.35,22814.87,19869.15,19869.15,1,0.87,0,-2945.72,0,22814.87,FALSE
c9d84a58-347a-4fb7-86d3-7deea0e2f8cf,05:44.8,P003,T010,In Progress,2,131.04,114,84.95,0.63,72.26,7075.63,5189,5300.29,0.98,0.73,-111.3,-1886.63,4157.08,11232.71,FALSE
ca6dcfba-b09c-4e3a-ba76-d28135e9269a,13:55.1,P002,T003,In Progress,1,349.45,124,68.8,0.55,128.68,9258.19,8743.61,9390.7,0.93,0.94,-647.09,-514.58,7637.2,16895.39,FALSE
cbccad0a-1c3d-486e-af43-553bd250e877,05:53.8,P002,T002,Delayed,5,419.79,151,9.89,0.08,76.54,981.39,921.27,4348.32,0.21,0.94,-3427.05,-60.12,11330.35,12311.74,FALSE
ccdb77d8-a5d6-4b2a-94c5-135454f5a56e,21:44.5,P003,T009,Delayed,3,267.7,108,17.66,0.15,82.89,1285.58,1336.13,3516.16,0.38,1.04,-2180.03,50.55,7327.87,8613.45,FALSE
cd079143-e3f6-4dd1-9fcd-033a56ef728c,13:43.1,P002,T002,Not Started,1,419.27,64,0.1,0,52.57,6.14,0,2837.72,0,0,-2837.72,-6.14,3364.48,3370.62,FALSE
cd5ae136-3492-4aef-933f-c3119d7d5026,16:31.6,P002,T002,Delayed,1,234.37,122,33.47,0.27,72.12,2111.7,2376.3,8146.9,0.29,1.13,-5770.6,264.6,5707.23,7818.93,FALSE
ce2ccb98-c166-4e16-aec1-904545ca0dcb,14:22.2,P003,T008,Completed,2,426.79,117,97.47,1,148.46,17704.26,17369.82,17369.82,1,0.98,0,-334.44,0,17704.26,FALSE
ceb3e579-14b8-4a31-bd98-2cb6beddee61,20:17.3,P003,T003,Delayed,2,466.97,127,24.8,0.24,81.48,2417.03,2473.35,5371.5,0.46,1.02,-2898.15,56.32,7695.29,10112.32,FALSE
d0022e18-3f02-4487-ae9e-01a43de26611,09:57.5,P003,T007,Delayed,3,197.49,199,30.2,0.18,143.14,4052.42,5160.64,17757.8,0.29,1.27,-12597.15,1108.22,18315.46,22367.88,FALSE
d042eefa-a18e-4628-bfd9-d2bfb5fe8d05,14:19.2,P002,T002,Delayed,1,123.49,134,3.83,0.02,95.5,320.69,299.05,1375.43,0.22,0.93,-1076.38,-21.64,13402.46,13723.15,FALSE
d0de7f7f-e1d2-4be6-80e4-b3895cc8e09b,24:30.1,P002,T007,Delayed,3,166.13,77,28.85,0.36,122.83,3686.89,3448.67,6074.07,0.57,0.94,-2625.4,-238.22,6424.34,10111.22,FALSE
d0f79df7-0da9-4aa1-922c-82edae7b88ed,13:13.0,P003,T003,Completed,2,205.07,120,154.56,1,77.01,12969.78,9241.2,9241.2,1,0.71,0,-3728.58,0,12969.78,FALSE
d25a15a2-05cb-4a32-84aa-fd157e0e6580,22:44.8,P001,T001,In Progress,4,158.82,144,112.53,0.92,106.61,10595.54,14153.14,12409.13,1.14,1.34,1744.02,3557.6,897.39,11492.93,TRUE
d321a905-8b62-4190-9f96-1fa8e3fc9da6,24:00.0,P002,T006,Completed,3,381.82,86,108.45,1,76.67,8413.17,6593.62,6593.62,1,0.78,0,-1819.55,0,8413.17,FALSE
d39a40e1-1283-4ea7-a39d-925138702229,05:29.8,P003,T002,In Progress,2,261.27,162,112.52,0.61,51.19,6469.35,5065.76,5102.31,0.99,0.78,-36.55,-1403.59,4121.15,10590.5,FALSE
d39f35d3-ae28-4c25-a276-edc9576be203,05:20.7,P002,T005,Not Started,4,265.15,102,0.1,0,90.53,10.79,0,2588.4,0,0,-2588.4,-10.79,9234.06,9244.85,FALSE
d4728a71-2f38-4d02-a5a5-b34dc04e4be9,14:34.2,P003,T009,In Progress,3,167.52,188,97.09,0.59,99.27,11436.86,10925.09,9389.42,1.16,0.96,1535.67,-511.76,8100.12,19536.98,FALSE
d4bd69ae-86e4-4c06-ba6c-34579c754943,03:56.5,P002,T010,In Progress,2,137.77,173,124.9,0.62,87.98,11940.37,9424.11,10556.49,0.89,0.79,-1132.38,-2516.26,7344.09,19284.46,FALSE
d5734c9a-68cc-4010-87a0-cf6a4a877aa8,11:03.7,P002,T003,In Progress,5,174.26,94,4.13,0.05,84.59,389.42,436.78,618.49,0.71,1.12,-181.71,47.36,6699.84,7089.26,FALSE
d5f49f5e-519d-47ba-98f5-c98256c8d3db,22:23.7,P002,T003,Delayed,1,346.12,108,9.3,0.07,54.03,617.31,414.87,1998.81,0.21,0.67,-1583.94,-202.44,8065.33,8682.63,FALSE
d6037475-880d-40d1-a5a3-5ea966626b72,13:58.2,P002,T004,In Progress,2,351.4,115,61.73,0.6,112.3,6461.13,7695.07,9119.82,0.84,1.19,-1424.76,1233.94,4382.47,10843.6,FALSE
d711d5e1-7eb0-426d-af1d-c1da8b2b8855,08:54.3,P001,T007,Delayed,3,236.94,163,62.59,0.3,97.81,6977.08,4778.08,13262.29,0.36,0.68,-8484.21,-2199,16303.37,23280.45,FALSE
d7b86ad2-2de9-46ad-aa16-60a00c4f9497,22:56.8,P003,T001,Delayed,5,300.48,79,14.01,0.21,61.95,724.7,1019.48,3705.04,0.28,1.41,-2685.55,294.79,2754.22,3478.92,FALSE
d88debe6-4cde-4a08-a84e-2feb20260c6a,15:55.5,P002,T009,In Progress,5,402.3,107,108.23,0.79,60.83,6671.76,5172.2,6280.62,0.82,0.78,-1108.42,-1499.56,1724.13,8395.89,FALSE
d88f0dd3-5753-4d7b-9640-490aa74d198b,10:00.5,P003,T001,Not Started,5,358.99,175,0.1,0,119.1,9.83,0,15752.79,0,0,-15752.79,-9.83,20842.5,20852.33,FALSE
d8efe6c4-c94b-4827-9be6-ffb019a8d962,02:17.3,P001,T001,Not Started,2,444.76,93,0.1,0,147.62,14.53,0,10429.18,0,0,-10429.18,-14.53,13728.66,13743.19,FALSE
d90e0c73-98be-4eca-be52-215149dd4a5d,16:46.6,P002,T007,Not Started,4,380.62,140,0.1,0,54.24,5.47,0,1045.17,0,0,-1045.17,-5.47,7593.6,7599.07,FALSE
d9303a19-1cb6-4bbc-809c-a00d85f2918a,08:21.2,P003,T001,Completed,5,334.81,64,52.44,1,50.99,2462.88,3263.36,3263.36,1,1.33,0,800.48,0,2462.88,TRUE
d96a2a9b-62b1-413a-acca-ffc8e3f7881d,06:48.0,P001,T004,Delayed,5,491.48,113,38.52,0.28,140.85,5684.92,4511.18,12524.24,0.36,0.79,-8013.06,-1173.75,14372.27,20057.2,FALSE
da4ffdac-b997-45d8-927f-17873c1fad1c,09:51.4,P003,T002,In Progress,5,429.8,128,37.08,0.33,101.18,4206.75,4249.19,5306.76,0.8,1.01,-1057.57,42.44,8614.95,12821.7,FALSE
da507fc4-a24f-4074-b117-b593579f1382,01:47.2,P003,T006,Completed,5,288.1,177,152.17,1,119.53,18605.31,21156.81,21156.81,1,1.14,0,2551.5,0,18605.31,TRUE
dadba4fc-723f-445a-9409-a54ad86eac90,03:29.5,P002,T007,Completed,3,368.89,153,188.07,1,124.21,29731.09,19004.13,19004.13,1,0.64,0,-10726.96,0,29731.09,FALSE
db5b70c8-b943-402d-92bb-d06eae9efc5b,08:12.2,P003,T005,Delayed,5,370.12,116,1.96,0.02,114.33,221.42,254.72,1092.83,0.23,1.15,-838.11,33.3,11307.24,11528.66,FALSE
dbc40320-7e3f-42e6-b5b8-acbb18e8e08b,03:41.5,P002,T003,In Progress,5,151.93,82,6.27,0.07,140.43,1012.35,763.63,947.02,0.81,0.75,-183.38,-248.72,14253.52,15265.88,FALSE
dc0378fc-3721-4f4a-9654-5ae87fa7862e,17:52.9,P003,T009,In Progress,4,439.28,177,129.86,0.62,80.27,9736.87,8751.65,7479.37,1.17,0.9,1272.28,-985.22,6070.37,15807.24,FALSE
dc5ea549-ce8c-469e-9d72-61fb635969b8,20:56.4,P003,T001,Completed,5,459.11,150,182.31,1,109.53,18529.52,16429.5,16429.5,1,0.89,0,-2100.02,0,18529.52,FALSE
dcc09911-cffa-495a-a0ea-58b3d0a9bbf0,23:20.9,P003,T005,Not Started,3,160.99,109,0.1,0,138.87,15.34,0,13381.45,0,0,-13381.45,-15.34,15136.83,15152.17,FALSE
dd487947-ce61-4bc9-85cb-10a522f0d58c,23:35.9,P002,T004,Completed,3,338.33,53,53.87,1,95.09,6420.86,5039.77,5039.77,1,0.78,0,-1381.09,0,6420.86,FALSE
ddeb66f4-d678-4bfd-a4b1-9a9294a66865,20:11.3,P003,T007,In Progress,4,155.06,181,123.76,0.69,83.63,9997.07,10372.77,14192.1,0.73,1.04,-3819.33,375.7,4591.7,14588.77,FALSE
de186b88-65d5-4f9f-91a9-5a1baeb917d4,01:56.2,P003,T004,In Progress,4,131.73,183,39.92,0.21,145.2,6727.98,5632.16,5018.36,1.12,0.84,613.79,-1095.82,25013.52,31741.5,FALSE
de218f67-7545-4a26-ae02-5452c91db501,18:13.9,P002,T004,Delayed,5,303.3,54,12.13,0.28,136.51,1443.89,2031.05,5333.6,0.38,1.41,-3302.55,587.16,3796.59,5240.47,FALSE
ded43b6c-5d1e-402a-85d1-8d22711e0c44,09:03.3,P002,T005,Completed,1,180.8,195,190.42,1,126.5,24144.85,24667.5,24667.5,1,1.02,0,522.65,0,24144.85,TRUE
dee98ffa-5288-4ccd-93f9-5cf1b34a4fd2,09:36.4,P002,T003,In Progress,5,420.63,178,92.62,0.44,63.86,4733.84,4999.37,5007.78,1,1.06,-8.41,265.53,6029.51,10763.35,FALSE
df2fb660-7bcb-43d1-af59-79fd8af8010e,24:15.0,P001,T002,Completed,4,491.44,137,175.98,1,73.93,16529.34,10128.41,10128.41,1,0.61,0,-6400.93,0,16529.34,FALSE
df9b7e28-ddb4-4f9d-9ebc-28d0e965c80a,09:54.4,P001,T003,In Progress,2,260.26,103,61.54,0.49,94.64,6034.52,4809.9,5256.86,0.91,0.8,-446.96,-1224.62,6195.25,12229.78,FALSE
dfd3cad6-b20f-4f4e-bbd2-55192ff95e83,02:47.4,P003,T001,In Progress,4,109.17,164,102.52,0.63,106.63,10266.45,10952.84,14978.31,0.73,1.07,-4025.48,686.39,6124.98,16391.43,FALSE
dff4c934-80fb-494e-bb1f-0e00ecc084de,10:51.6,P002,T006,In Progress,1,171.37,96,28.05,0.24,127.17,3560.05,2892.75,3007.51,0.96,0.81,-114.76,-667.3,11464.48,15024.52,FALSE
e03ebe42-78f6-4705-b3ef-5ee74108a76c,12:21.9,P001,T010,In Progress,4,204.17,77,3.95,0.06,117.91,510.44,507.34,638.15,0.8,0.99,-130.81,-3.1,8624.02,9134.46,FALSE
e1bfcbfd-0b72-41ca-9012-82d9b8427401,05:08.7,P001,T002,Completed,5,116.96,135,173.04,1,111.45,16237.25,15045.75,15045.75,1,0.93,0,-1191.5,0,16237.25,FALSE
e1dc6e73-babb-4302-b7c3-38974505288c,08:51.3,P003,T008,In Progress,4,110.82,40,18.21,0.43,104.91,2224.89,1794.97,1862.05,0.96,0.81,-67.08,-429.91,2976.59,5201.48,FALSE
e1e1c4bc-3bb5-42c5-ab20-8e18c517866d,07:51.1,P003,T009,Not Started,2,283.07,104,0.1,0,87.67,11,0,6161.5,0,0,-6161.5,-11,9117.68,9128.68,FALSE
e407e90a-79c6-4660-b613-60815e6d71b5,12:18.9,P003,T004,Completed,1,191.86,49,61.82,1,137.38,8294.23,6731.62,6731.62,1,0.81,0,-1562.61,0,8294.23,FALSE
e52d2b91-6205-405f-a9c3-17e2323ba873,22:14.7,P001,T003,Not Started,4,283.91,172,0.1,0,107.01,10.46,0,9430.8,0,0,-9430.8,-10.46,18405.72,18416.18,FALSE
e548ab8f-f600-4ff9-aae3-0252c8f80889,19:17.1,P003,T010,In Progress,2,139.83,184,193.11,0.96,126.95,30997.88,22492.29,22433.1,1,0.73,59.19,-8505.59,1194.19,32192.07,FALSE
e5e72da5-d864-4c61-b2ca-bc136a3c2606,08:00.2,P003,T008,Completed,5,427.89,66,65.36,1,52.78,3368.13,3483.48,3483.48,1,1.03,0,115.35,0,3368.13,TRUE
e61a0e1c-108d-431f-92ca-80c415cfd155,14:31.2,P003,T008,In Progress,3,418.07,55,24.06,0.34,116.97,3253.94,2197.96,2096.65,1.05,0.68,101.31,-1055.98,6270.23,9524.18,FALSE
e7adecda-c8fb-4fe7-bb31-02fab76dee10,06:14.9,P002,T001,Delayed,2,426.85,87,18.7,0.18,123.41,1948,1952.87,7827.48,0.25,1,-5874.61,4.87,8761.88,10709.88,FALSE
e8202540-59da-4ab1-975a-972aa45356d1,23:23.9,P003,T005,Not Started,2,187.74,103,0.1,0,85.2,10.35,0,167.92,0,0,-167.92,-10.35,8775.6,8785.95,FALSE
e82bfa8b-0640-4a32-9912-182db30b23c5,07:06.0,P001,T004,In Progress,5,220.01,182,205.59,0.99,127.88,28735.02,23039.19,20703.23,1.11,0.8,2335.97,-5695.83,293.06,29028.08,FALSE
e8533b37-dbf3-4fa2-8216-0cbe00211170,18:04.9,P002,T001,Not Started,3,216.24,102,0.1,0,68.96,7.9,0,6151.33,0,0,-6151.33,-7.9,7033.92,7041.82,FALSE
e87acb61-492d-48f1-9063-0f20ec35d545,16:19.6,P001,T009,Not Started,4,421.39,50,0.1,0,82.75,7.5,0,2473.68,0,0,-2473.68,-7.5,4137.5,4145,FALSE
e94bad96-8f66-42d4-906d-b1e06225057d,21:41.5,P002,T001,In Progress,1,256.63,86,49.41,0.55,60.45,3159.58,2862.1,2497.07,1.15,0.91,365.03,-297.48,2579.46,5739.05,FALSE
e97f6df1-affe-439c-a111-b1a4705672e7,16:34.6,P001,T003,Not Started,3,475.44,151,0.1,0,141.04,14.95,0,20646.6,0,0,-20646.6,-14.95,21297.04,21311.99,FALSE
e993e23d-5ed9-4de1-8075-b395ac47fab7,09:09.3,P002,T003,Not Started,2,403.08,79,0.1,0,64.56,5.73,0,964.91,0,0,-964.91,-5.73,5100.24,5105.97,FALSE
e9abda0b-10af-404b-a700-9605bdee8bc3,01:32.2,P002,T001,Delayed,4,164.37,116,43.38,0.31,89.9,4574.9,3214.93,9557.74,0.34,0.7,-6342.81,-1359.97,10264.9,14839.81,FALSE
e9ed0c5d-1577-4107-bc92-b44107187cff,24:27.1,P001,T003,Delayed,2,269.54,86,53.22,0.54,69.75,4759.85,3214.41,5137.09,0.63,0.68,-1922.68,-1545.44,4122.64,8882.49,FALSE
e9f54f3c-d940-430d-aa79-cea183f43350,20:14.3,P002,T005,In Progress,2,167.43,130,96.58,0.79,72.32,6922.14,7446.42,8638.77,0.86,1.08,-1192.35,524.27,1817.52,8739.67,FALSE
ea37b93a-1d6c-4e4c-ad1b-545d149a3642,18:10.9,P002,T008,Completed,2,238.34,87,113.07,1,56.61,6626.86,4925.07,4925.07,1,0.74,0,-1701.79,0,6626.86,FALSE
eae3972f-2073-46f6-aa86-e8aedb88bdb8,14:16.2,P002,T007,Not Started,4,298.3,113,0.1,0,92.42,9.38,0,3978.13,0,0,-3978.13,-9.38,10443.46,10452.84,FALSE
eb2db66f-257f-44a8-b3cc-1099eb1c0576,11:39.8,P001,T006,Delayed,5,139.74,114,85.42,0.66,116.98,11147.27,8820.82,11421.56,0.77,0.79,-2600.74,-2326.45,5705.68,16852.95,FALSE
eb921b69-e68f-4f7e-a143-efa241c4cb8a,11:42.8,P003,T008,In Progress,4,142.02,156,182.23,0.94,139.88,21261.84,20566.48,21799.9,0.94,0.97,-1233.42,-695.36,1297.23,22559.06,FALSE
ebad460b-a8c3-49b4-b0c6-8f06fd97b087,06:44.9,P002,T002,In Progress,5,431.97,110,39.69,0.31,127.37,6509.13,4392.55,5941.12,0.74,0.67,-1548.57,-2116.58,14252.71,20761.84,FALSE
ebc6b93f-2de0-40bf-a6c2-f71fa39bfc2a,04:26.6,P003,T003,Completed,1,497.94,177,181.4,1,149.59,32890.08,26477.43,26477.43,1,0.81,0,-6412.65,0,32890.08,FALSE
ec05da70-f79b-46c0-8979-6a0ea5914c2e,01:20.1,P001,T005,In Progress,4,254.88,117,134.89,1,126.92,14133.97,14849.64,14803.97,1,1.05,45.67,715.67,0,14133.97,TRUE
ec426d4d-51cc-478e-901c-e2068509eada,11:45.8,P001,T006,In Progress,1,251.31,190,49.25,0.21,129.46,6115.28,5075.25,6381.32,0.8,0.83,-1306.06,-1040.02,23522.62,29637.9,FALSE
ec429fa5-ad1b-4c80-967d-2621aa7789a3,19:26.2,P002,T001,Completed,1,129.18,57,49.3,1,96.65,4797.74,5509.05,5509.05,1,1.15,0,711.31,0,4797.74,TRUE
ec4766bc-63ef-41d3-8475-a39b511b53b8,16:01.5,P003,T010,Completed,5,324.62,94,110.04,1,62.95,8121.58,5917.3,5917.3,1,0.73,0,-2204.28,0,8121.58,FALSE
ed202b3c-6881-4592-add6-1c7253be9954,10:30.6,P003,T005,In Progress,3,107.78,52,10.65,0.19,131.29,1477.89,1266.69,1777.87,0.71,0.86,-511.18,-211.2,6487.48,7965.37,FALSE
ed5c6851-cc62-409b-8dec-9d3992b8f3c7,15:10.3,P002,T007,In Progress,5,242.15,183,42.27,0.26,128.99,6350.07,6251.52,8553.25,0.73,0.98,-2301.73,-98.55,17627.21,23977.27,FALSE
eec74c09-a6b7-4411-9b27-1d93f980b94a,13:25.0,P002,T010,Delayed,2,453.83,61,29.05,0.59,92.15,2964.67,3338.12,4515.16,0.74,1.13,-1177.04,373.44,2027.62,4992.3,FALSE
f051a9ec-986d-41a5-86f4-10f3ec716ff9,21:56.6,P002,T005,In Progress,2,189.09,170,35.68,0.26,91.11,4114.68,3978.65,3530.9,1.13,0.97,447.75,-136.03,11903.59,16018.27,FALSE
f0c2bd74-dd15-48f1-8c67-0f1363c316f8,01:59.2,P002,T006,In Progress,2,410.36,121,25.6,0.18,88.26,2519.74,1901.52,2242.12,0.85,0.75,-340.6,-618.22,11631.81,14151.55,FALSE
f170b483-32cc-4d00-a70b-add10ebc6362,12:24.9,P001,T010,Delayed,3,457.63,96,87.62,0.71,65,5401,4431,5977.68,0.74,0.82,-1546.68,-970,2205.02,7606.02,FALSE
f1ee51bd-2afc-4a8b-9387-4043572350a8,12:09.9,P003,T003,In Progress,5,417.93,97,24.98,0.24,135.92,3280.08,3115.63,3463.28,0.9,0.95,-347.66,-164.45,10600.07,13880.15,FALSE
f25714df-3f1e-440a-9b13-7d8bdb85a2dd,21:23.5,P001,T001,Delayed,2,144.83,129,80.06,0.55,79.5,6552.76,5602.69,9541.54,0.59,0.86,-3938.86,-950.08,5441.82,11994.58,FALSE
f2a4bec1-92b1-4b48-b0b6-f886e9afb05c,10:33.6,P001,T010,In Progress,3,207.65,45,57.29,1,142.54,9999.65,6414.3,5991.14,1.07,0.64,423.16,-3585.35,0,9999.65,FALSE
f2da1509-c29c-4fba-ab4e-51cd00887be8,12:06.8,P001,T001,Completed,4,198.79,85,68.77,1,105.96,7261.81,9006.6,9006.6,1,1.24,0,1744.79,0,7261.81,TRUE
f32429aa-694e-445b-af76-bce44a73b169,14:55.3,P001,T001,Completed,5,435.5,168,183.75,1,130.49,20923.39,21922.32,21922.32,1,1.05,0,998.93,0,20923.39,TRUE
f3832265-5d54-44e7-938b-4bd8d56b2613,17:13.7,P003,T006,Not Started,2,343.41,61,0.1,0,62.39,5.9,0,425.82,0,0,-425.82,-5.9,3805.79,3811.69,FALSE
f4e99e28-0edb-470a-8232-b351eb42a330,02:44.4,P002,T006,Not Started,3,213.17,150,0.1,0,104.33,11.51,0,12024.26,0,0,-12024.26,-11.51,15649.5,15661.01,FALSE
f4f7c3fe-c4fe-4992-b1d4-0df57aa04a1c,10:09.5,P003,T006,Completed,4,344.07,142,120.5,1,110.71,11996.75,15720.82,15720.82,1,1.31,0,3724.07,0,11996.75,TRUE
f54034e9-0662-4445-9a58-9f0e8fef6131,00:36.5,P001,T006,Delayed,3,112.47,192,18.53,0.09,107.05,1888.48,1821.07,2967.25,0.61,0.96,-1146.18,-67.41,19425.99,21314.47,FALSE
f595b627-98ee-4f76-af51-83d2220e2a97,13:28.1,P002,T010,Not Started,1,255.3,148,0.1,0,103.26,12.19,0,5606.75,0,0,-5606.75,-12.19,15282.48,15294.67,FALSE
f5fe4bc1-d333-4fe9-8b5f-73db7a1a133f,12:46.0,P001,T008,Not Started,2,291.51,118,0.1,0,148.28,15.68,0,5624.96,0,0,-5624.96,-15.68,17497.04,17512.72,FALSE
f61d133f-eb06-4283-af05-f6deddae8ecb,06:08.9,P001,T009,Completed,5,383.96,81,76.37,1,134.94,13037.14,10930.14,10930.14,1,0.84,0,-2107,0,13037.14,FALSE
f70fde0b-7937-486e-9f50-5f92e7217b21,23:38.9,P001,T007,In Progress,1,306.13,200,75.54,0.44,114.86,7422.83,9995.7,8998.09,1.11,1.35,997.6,2572.87,9636.23,17059.06,TRUE
f73acb6f-43f3-438d-9082-077dbd36a18d,14:52.3,P002,T008,In Progress,1,381.91,67,57.38,0.81,95.49,5744.89,5207.21,6184.37,0.84,0.91,-977.15,-537.68,1313.56,7058.45,FALSE
f73b6160-f7f0-4aec-b457-0bb6b7c38337,09:12.4,P002,T002,Completed,5,355.03,188,228.46,1,101.51,20784.4,19083.88,19083.88,1,0.92,0,-1700.52,0,20784.4,FALSE
f73f05e3-274d-4cc4-8057-b91bd9c1f9d5,07:21.0,P001,T005,Completed,5,161.29,105,92.67,1,58.65,6388.28,6158.25,6158.25,1,0.96,0,-230.03,0,6388.28,FALSE
f7df0a09-d4e3-414e-ab7c-eed578613e83,15:22.4,P003,T001,Completed,3,239.39,89,101.53,1,131.69,12415.87,11720.41,11720.41,1,0.94,0,-695.46,0,12415.87,FALSE
f8538cc3-9712-492d-bc87-3898f1cb248d,19:56.3,P003,T002,Completed,2,227.15,85,82.33,1,58.34,5288.01,4958.9,4958.9,1,0.94,0,-329.11,0,5288.01,FALSE
f9b66c99-f6ab-475b-b77e-f9f14d6f747c,17:16.7,P001,T006,Delayed,5,437.59,46,11.64,0.24,124.25,1338.93,1372.89,3042.46,0.45,1.03,-1669.57,33.96,4235.2,5574.13,FALSE
f9b7d914-f401-4c14-9cd7-980ed293794c,15:16.3,P001,T006,Not Started,3,263.73,185,0.1,0,122.74,15.34,0,15171.06,0,0,-15171.06,-15.34,22706.9,22722.24,FALSE
fa395d3d-aee9-47b1-a2e9-ff9a91def8c4,05:11.7,P002,T003,Delayed,2,100.95,179,57.85,0.26,87.5,5979.43,4028.71,12350.92,0.33,0.67,-8322.21,-1950.72,17266.92,23246.36,FALSE
faac9e6d-51f2-4dcc-bd52-55a86d795a6f,22:59.8,P001,T004,In Progress,5,455.44,146,32.36,0.21,88.6,2298.49,2724.59,3818.29,0.71,1.19,-1093.71,426.09,8614.13,10912.62,FALSE
fb4df6ca-a7e2-40f9-8413-57527d0dd26d,24:03.0,P001,T008,Delayed,2,139.18,58,9.21,0.2,50.62,422.27,580.37,1010.4,0.57,1.37,-430.04,158.09,1713.92,2136.2,FALSE
fd4bd801-f437-4c63-9b08-f36dc6459705,05:38.8,P003,T005,Not Started,3,475.89,145,0.1,0,75.5,6.68,0,2346.39,0,0,-2346.39,-6.68,10947.5,10954.18,FALSE
fdb6802f-0f61-41ea-ada9-3ee5138efddf,16:37.6,P001,T008,Delayed,3,138.54,156,28.75,0.16,81.7,2931.02,2043.8,4185.83,0.49,0.7,-2142.03,-887.22,15346.94,18277.96,FALSE
fed2cd7e-69bf-4e3f-a0a2-94d0fb27619e,13:01.0,P002,T002,Not Started,1,146.08,180,0.1,0,93.26,8.39,0,9724.16,0,0,-9724.16,-8.39,16786.8,16795.19,FALSE
fee2837b-c60c-4073-bcd9-f4eeaafe9ede,20:02.3,P003,T006,In Progress,5,218.12,142,11.5,0.09,133.92,1507.94,1714.21,1511.68,1.13,1.14,202.53,206.26,15220.51,16728.45,TRUE
ff126d89-9014-4c04-baf8-7a57bfa0d238,16:43.6,P002,T002,Not Started,5,213.27,49,0.1,0,136.26,16.2,0,6542.24,0,0,-6542.24,-16.2,6676.74,6692.94,FALSE
ff1f8732-759a-4944-aa2b-275de4cc7a82,19:44.3,P003,T002,Completed,4,105.58,177,181.34,1,62.19,10764.21,11007.63,11007.63,1,1.02,0,243.42,0,10764.21,TRUE
ff40c2bc-b15d-4cc9-91d4-9f02df992304,20:26.3,P002,T006,Completed,3,475.3,182,189.39,1,115.43,25450.19,21008.26,21008.26,1,0.83,0,-4441.93,0,25450.19,FALSE
ff4eb438-4318-49e0-8183-006849ba66f9,04:32.6,P001,T001,Delayed,2,252.06,114,23.39,0.25,108.05,3147.07,3107.88,6994.8,0.44,0.99,-3886.92,-39.19,9325.95,12473.02,FALSE
ff70358e-8d21-4af6-b154-7091b4e40c46,06:51.0,P002,T001,Delayed,4,170.9,74,20.68,0.33,127.73,2961.11,3145.06,5106.41,0.62,1.06,-1961.35,183.95,5938.07,8899.19,FALSE
